{
	"__comment":"Possible by KarBo_",
	"ambientocclusion":false,
	"textures":{
		"layer1":"block/acacia_door_bottom1",
		"layer2":"block/acacia_door_bottom2",
		"particle":"block/acacia_door_bottom"
	},
	"elements":[
		{
			"from":[-0.99,15.01,14.01],
			"to":[3.99,16.01,14.99],
			"faces":{
				"north":{"uv":[12,0,13,1],"texture":"#layer1"},
				"east":{"uv":[12,0,13,1],"texture":"#layer1"},
				"south":{"uv":[12,0,13,1],"texture":"#layer1"},
				"west":{"uv":[12,0,13,1],"texture":"#layer1","cullface":"west"},
				"down":{"uv":[12,0,13,1],"texture":"#layer1"}
			}
		},
		{
			"from":[0,0,0],
			"to":[3,16,3],
			"faces":{
				"north":{"uv":[0,0,3,16],"texture":"#layer1","cullface":"north"},
				"east":{"uv":[5,0,2,16],"texture":"#layer1"},
				"south":{"uv":[4,0,7,16],"texture":"#layer1"},
				"west":{"uv":[2,0,5,16],"texture":"#layer1","cullface":"west"},
				"down":{"uv":[3,13,0,16],"rotation":90,"texture":"#layer2","cullface":"down"}
			}
		},
		{
			"from":[0,0,3],
			"to":[3,3,13],
			"faces":{
				"east":{"uv":[13,11,3,14],"texture":"#layer2"},
				"west":{"uv":[3,11,13,14],"texture":"#layer2","cullface":"west"},
				"up":{"uv":[3,9,13,12],"rotation":90,"texture":"#layer2"},
				"down":{"uv":[13,13,3,16],"rotation":90,"texture":"#layer2","cullface":"down"}
			}
		},
		{
			"from":[1,3,5],
			"to":[2,15,7],
			"faces":{
				"north":{"uv":[5,1,6,13],"texture":"#particle"},
				"east":{"uv":[7,1,5,13],"texture":"#particle"},
				"south":{"uv":[6,1,7,13],"texture":"#particle"},
				"west":{"uv":[5,1,7,13],"texture":"#particle"}
			}
		},
		{
			"from":[1,3,9],
			"to":[2,15,11],
			"faces":{
				"north":{"uv":[9,1,10,13],"texture":"#particle"},
				"east":{"uv":[11,1,9,13],"texture":"#particle"},
				"south":{"uv":[10,1,11,13],"texture":"#particle"},
				"west":{"uv":[9,1,11,13],"texture":"#particle"}
			}
		},
		{
			"from":[1,15,3],
			"to":[2,16,13],
			"faces":{
				"east":{"uv":[13,0,3,1],"texture":"#particle"},
				"west":{"uv":[3,0,13,1],"texture":"#particle"},
				"down":{"uv":[13,0,3,1],"rotation":90,"texture":"#particle"}
			}
		},
		{
			"from":[0,0,13],
			"to":[3,16,16],
			"faces":{
				"north":{"uv":[9,0,12,16],"texture":"#layer1"},
				"east":{"uv":[14,0,11,16],"texture":"#layer1"},
				"south":{"uv":[13,0,16,16],"texture":"#layer1","cullface":"south"},
				"west":{"uv":[11,0,14,16],"texture":"#layer1","cullface":"west"},
				"down":{"uv":[16,13,13,16],"rotation":90,"texture":"#layer2","cullface":"down"}
			}
		}
	]
}