{
	"__comment":"Possible by KarBo_",
	"parent":"block/block",
	"textures":{
		"glass":"block/glass",
		"particle":"block/glass",
		"obsidian":"block/obsidian",
		"beacon":"block/beacon"
	},
	"elements":[
		{
			"from":[2,0.1,2],
			"to":[14,3,14],
			"faces":{
				"north":{"uv":[2,13,14,16],"texture":"#obsidian"},
				"east":{"uv":[2,13,14,16],"texture":"#obsidian"},
				"south":{"uv":[2,13,14,16],"texture":"#obsidian"},
				"west":{"uv":[2,13,14,16],"texture":"#obsidian"},
				"up":{"uv":[2,2,14,14],"texture":"#obsidian"},
				"down":{"uv":[2,2,14,14],"texture":"#obsidian"}
			}
		},
		{
			"from":[3,3,3],
			"to":[13,14,13],
			"faces":{
				"north":{"uv":[3,2,13,13],"texture":"#beacon"},
				"east":{"uv":[3,2,13,13],"texture":"#beacon"},
				"south":{"uv":[3,2,13,13],"texture":"#beacon"},
				"west":{"uv":[3,2,13,13],"texture":"#beacon"},
				"up":{"uv":[3,3,13,13],"texture":"#beacon"},
				"down":{"uv":[3,3,13,13],"texture":"#beacon"}
			}
		},
		{
			"from":[0,0,0],
			"to":[16,16,16],
			"faces":{
				"north":{"uv":[0,0,16,16],"texture":"#glass","cullface":"north"},
				"east":{"uv":[0,0,16,16],"texture":"#glass","cullface":"east"},
				"south":{"uv":[0,0,16,16],"texture":"#glass","cullface":"south"},
				"west":{"uv":[0,0,16,16],"texture":"#glass","cullface":"west"},
				"up":{"uv":[0,0,16,16],"texture":"#glass","cullface":"up"},
				"down":{"uv":[0,0,16,16],"texture":"#glass","cullface":"down"}
			}
		},
		{
			"from":[0.01,0.01,15.99],
			"to":[15.99,15.99,0.01],
			"faces":{
				"north":{"uv":[0,0,16,16],"texture":"#glass","cullface":"south"},
				"east":{"uv":[0,0,16,16],"texture":"#glass","cullface":"east"},
				"south":{"uv":[0,0,16,16],"texture":"#glass","cullface":"north"},
				"west":{"uv":[0,0,16,16],"texture":"#glass","cullface":"west"},
				"up":{"uv":[0,0,16,16],"texture":"#glass","cullface":"up"},
				"down":{"uv":[0,0,16,16],"texture":"#glass","cullface":"down"}
			}
		}
	]
}