{
	"__comment":"Possible by KarBo_",
	"ambientocclusion":false,
	"textures":{
		"bottom":"block/bee_nest_bottom",
		"top":"block/bee_nest_top",
		"front":"block/bee_nest_front_honey",
		"side":"block/bee_nest_side",
		"particle":"block/bee_nest_side"
	},
	"elements":[
		{
			"from":[0,0,0],
			"to":[16,16,16],
			"faces":{
				"north":{"uv":[0,0,16,16],"texture":"#front","cullface":"north"},
				"east":{"uv":[0,0,16,16],"texture":"#side","cullface":"east"},
				"south":{"uv":[0,0,16,16],"texture":"#side","cullface":"south"},
				"west":{"uv":[0,0,16,16],"texture":"#side","cullface":"west"},
				"up":{"uv":[0,0,16,16],"texture":"#top","cullface":"up"},
				"down":{"uv":[0,0,16,16],"texture":"#bottom","cullface":"down"}
			}
		},
		{
			"from":[2.01,8.01,-0.7],
			"to":[4.99,11.99,0],
			"faces":{
				"north":{"uv":[11,4,14,8],"texture":"#front","cullface":"north"},
				"east":{"uv":[11,4,12,8],"texture":"#front","cullface":"north"},
				"west":{"uv":[13,4,14,8],"texture":"#front","cullface":"north"},
				"up":{"uv":[14,4,11,5],"texture":"#front","cullface":"north"},
				"down":{"uv":[14,7,11,8],"texture":"#front","cullface":"north"}
			}
		},
		{
			"from":[3.01,7.01,-0.7],
			"to":[3.99,8.01,0],
			"faces":{
				"north":{"uv":[12,8,13,9],"texture":"#front","cullface":"north"},
				"east":{"uv":[12,8,13,9],"texture":"#front","cullface":"north"},
				"west":{"uv":[12,8,13,9],"texture":"#front","cullface":"north"},
				"down":{"uv":[12,8,13,9],"texture":"#front","cullface":"north"}
			}
		},
		{
			"from":[11.01,1.01,-0.7],
			"to":[13.99,3.99,0],
			"faces":{
				"north":{"uv":[2,12,5,15],"texture":"#front","cullface":"north"},
				"east":{"uv":[2,12,3,15],"texture":"#front","cullface":"north"},
				"west":{"uv":[4,12,5,15],"texture":"#front","cullface":"north"},
				"up":{"uv":[5,12,2,13],"texture":"#front","cullface":"north"},
				"down":{"uv":[5,14,2,15],"texture":"#front","cullface":"north"}
			}
		},
		{
			"from":[11.01,0.01,-0.7],
			"to":[12.99,1.01,0],
			"faces":{
				"north":{"uv":[3,15,5,16],"texture":"#front","cullface":"north"},
				"east":{"uv":[3,15,5,16],"texture":"#front","cullface":"north"},
				"west":{"uv":[3,15,5,16],"texture":"#front","cullface":"north"},
				"down":{"uv":[3,15,5,16],"texture":"#front","cullface":"north"}
			}
		}
	],
	"display":{
		"thirdperson_righthand":{
			"rotation":[75,45,0],
			"translation":[0,2.5,0],
			"scale":[0.375,0.375,0.375]
		},
		"firstperson_righthand":{
			"rotation":[0,45,0],
			"scale":[0.4,0.4,0.4]
		},
		"firstperson_lefthand":{
			"rotation":[0,225,0],
			"scale":[0.4,0.4,0.4]
		},
		"ground":{
			"translation":[0,3,0],
			"scale":[0.25,0.25,0.25]
		},
		"gui":{
			"rotation":[30,225,0],
			"scale":[0.625,0.625,0.625]
		},
		"fixed":{
			"scale":[0.5,0.5,0.5]
		}
	}
}