{
	"__comment":"Possible by KarBo_",
	"ambientocclusion":false,
	"textures":{
		"bottom":"block/bee_nest_bottom",
		"top":"block/bee_nest_top",
		"front":"block/bee_nest_front",
		"particle":"block/bee_nest_side",
		"side":"block/bee_nest_side"
	},
	"elements":[
		{
			"from":[0,0,1],
			"to":[16,16,16],
			"faces":{
				"north":{"uv":[0,0,16,16],"texture":"#front","cullface":"north"},
				"south":{"uv":[0,0,16,16],"texture":"#side","cullface":"south"}
			}
		},
		{
			"from":[0,0,0],
			"to":[16,1,16],
			"faces":{
				"north":{"uv":[0,15,16,16],"texture":"#front","cullface":"north"},
				"east":{"uv":[0,15,16,16],"texture":"#side","cullface":"east"},
				"west":{"uv":[0,15,16,16],"texture":"#side","cullface":"west"},
				"up":{"uv":[16,15,0,16],"texture":"#front","cullface":"north"},
				"down":{"uv":[0,0,16,16],"texture":"#bottom","cullface":"down"}
			}
		},
		{
			"from":[0,12,0],
			"to":[16,16,16],
			"faces":{
				"north":{"uv":[0,0,16,4],"texture":"#front","cullface":"north"},
				"east":{"uv":[0,0,16,4],"texture":"#side","cullface":"east"},
				"west":{"uv":[0,0,16,4],"texture":"#side","cullface":"west"},
				"up":{"uv":[0,0,16,16],"texture":"#top","cullface":"up"},
				"down":{"uv":[16,3,0,4],"texture":"#front","cullface":"north"}
			}
		},
		{
			"from":[0,1,0],
			"to":[2,12,16],
			"faces":{
				"north":{"uv":[14,4,16,15],"texture":"#front","cullface":"north"},
				"east":{"uv":[14,4,15,15],"texture":"#front","cullface":"north"},
				"west":{"uv":[0,4,16,15],"texture":"#side","cullface":"west"}
			}
		},
		{
			"from":[14,1,0],
			"to":[16,12,16],
			"faces":{
				"north":{"uv":[0,4,2,15],"texture":"#front","cullface":"north"},
				"east":{"uv":[0,4,16,15],"texture":"#side","cullface":"east"},
				"west":{"uv":[1,4,2,15],"texture":"#front","cullface":"north"}
			}
		},
		{
			"from":[2,1,0],
			"to":[11,9,1],
			"faces":{
				"north":{"uv":[5,7,14,15],"texture":"#front","cullface":"north"},
				"east":{"uv":[5,7,6,15],"texture":"#front","cullface":"north"},
				"up":{"uv":[14,7,5,8],"texture":"#front","cullface":"north"}
			}
		},
		{
			"from":[5,9,0],
			"to":[14,12,1],
			"faces":{
				"north":{"uv":[2,4,11,7],"texture":"#front","cullface":"north"},
				"west":{"uv":[10,4,11,7],"texture":"#front","cullface":"north"}
			}
		},
		{
			"from":[11,4,0],
			"to":[14,9,1],
			"faces":{
				"north":{"uv":[2,7,5,12],"texture":"#front","cullface":"north"},
				"down":{"uv":[5,11,2,12],"texture":"#front","cullface":"north"}
			}
		}
	],
	"display":{
		"thirdperson_righthand":{
			"rotation":[75,45,0],
			"translation":[0,2.5,0],
			"scale":[0.375,0.375,0.375]
		},
		"firstperson_righthand":{
			"rotation":[0,45,0],
			"scale":[0.4,0.4,0.4]
		},
		"firstperson_lefthand":{
			"rotation":[0,225,0],
			"scale":[0.4,0.4,0.4]
		},
		"ground":{
			"translation":[0,3,0],
			"scale":[0.25,0.25,0.25]
		},
		"gui":{
			"rotation":[30,225,0],
			"scale":[0.625,0.625,0.625]
		},
		"fixed":{
			"scale":[0.5,0.5,0.5]
		}
	}
}