{
	"__comment":"Possible by KarBo_",
	"ambientocclusion":false,
	"textures":{
		"top":"block/beehive_end",
		"front":"block/beehive_front",
		"particle":"block/beehive_side",
		"side":"block/beehive_side"
	},
	"elements":[
		{
			"from":[0,0,1],
			"to":[16,16,16],
			"faces":{
				"north":{"uv":[0,0,16,16],"texture":"#front","cullface":"north"},
				"south":{"uv":[0,0,16,16],"texture":"#side","cullface":"south"}
			}
		},
		{
			"from":[0,0,0],
			"to":[1,16,16],
			"faces":{
				"north":{"uv":[15,0,16,16],"texture":"#front","cullface":"north"},
				"east":{"uv":[15,0,16,16],"texture":"#front","cullface":"north"},
				"west":{"uv":[0,0,16,16],"texture":"#side","cullface":"west"},
				"up":{"uv":[0,0,1,16],"texture":"#top","cullface":"up"},
				"down":{"uv":[0,0,1,16],"texture":"#top","cullface":"down"}
			}
		},
		{
			"from":[15,0,0],
			"to":[16,16,16],
			"faces":{
				"north":{"uv":[0,0,1,16],"texture":"#front","cullface":"north"},
				"east":{"uv":[0,0,16,16],"texture":"#side","cullface":"east"},
				"west":{"uv":[0,0,1,16],"texture":"#front","cullface":"north"},
				"up":{"uv":[15,0,16,16],"texture":"#top","cullface":"up"},
				"down":{"uv":[15,0,16,16],"texture":"#top","cullface":"down"}
			}
		},
		{
			"from":[1,0,0],
			"to":[15,5,16],
			"faces":{
				"north":{"uv":[1,11,15,16],"texture":"#front","cullface":"north"},
				"up":{"uv":[0,11,16,12],"texture":"#top","cullface":"north"},
				"down":{"uv":[1,0,15,16],"texture":"#top","cullface":"down"}
			}
		},
		{
			"from":[1,12,0],
			"to":[15,16,16],
			"faces":{
				"north":{"uv":[1,0,15,4],"texture":"#front","cullface":"north"},
				"up":{"uv":[1,0,15,16],"texture":"#top","cullface":"up"},
				"down":{"uv":[16,3,0,4],"texture":"#front","cullface":"north"}
			}
		},
		{
			"from":[1,5,0],
			"to":[6,6,1],
			"faces":{
				"north":{"uv":[10,10,15,11],"texture":"#front","cullface":"north"},
				"east":{"uv":[10,10,11,11],"texture":"#front","cullface":"north"}
			}
		},
		{
			"from":[10,5,0],
			"to":[15,6,1],
			"faces":{
				"north":{"uv":[1,10,6,11],"texture":"#front","cullface":"north"},
				"west":{"uv":[5,10,6,11],"texture":"#front","cullface":"north"}
			}
		},
		{
			"from":[1,6,0],
			"to":[15,11,1],
			"faces":{
				"north":{"uv":[1,5,15,10],"texture":"#front","cullface":"north"},
				"up":{"uv":[15,5,1,6],"texture":"#front","cullface":"north"},
				"down":{"uv":[15,9,1,10],"texture":"#front","cullface":"north"}
			}
		}
	],
	"display":{
		"thirdperson_righthand":{
			"rotation":[75,45,0],
			"translation":[0,2.5,0],
			"scale":[0.375,0.375,0.375]
		},
		"firstperson_righthand":{
			"rotation":[0,45,0],
			"scale":[0.4,0.4,0.4]
		},
		"firstperson_lefthand":{
			"rotation":[0,225,0],
			"scale":[0.4,0.4,0.4]
		},
		"ground":{
			"translation":[0,3,0],
			"scale":[0.25,0.25,0.25]
		},
		"gui":{
			"rotation":[30,225,0],
			"scale":[0.625,0.625,0.625]
		},
		"fixed":{
			"scale":[0.5,0.5,0.5]
		}
	}
}