{
	"__comment":"Possible by KarBo_",
	"ambientocclusion":false,
	"textures":{
		"layer0":"block/birch_door_top1",
		"particle":"block/birch_door_top"
	},
	"elements":[
		{
			"from":[-0.99,0.01,14.01],
			"to":[3.99,1.99,14.99],
			"faces":{
				"north":{"uv":[14,14,15,16],"texture":"#particle"},
				"east":{"uv":[14,14,15,16],"texture":"#particle"},
				"south":{"uv":[14,14,15,16],"texture":"#particle"},
				"west":{"uv":[14,14,15,16],"texture":"#particle","cullface":"west"},
				"up":{"uv":[14,14,15,15],"texture":"#particle"},
				"down":{"uv":[14,15,15,16],"texture":"#particle"}
			}
		},
		{
			"from":[0,0,0],
			"to":[3,16,3],
			"faces":{
				"north":{"uv":[0,0,3,16],"texture":"#layer0","cullface":"north"},
				"east":{"uv":[3,0,0,16],"texture":"#particle"},
				"south":{"uv":[2,0,3,16],"texture":"#particle"},
				"west":{"uv":[0,0,3,16],"texture":"#particle","cullface":"west"},
				"up":{"uv":[7,0,10,3],"texture":"#layer0","cullface":"up"}
			}
		},
		{
			"from":[0,0,13],
			"to":[3,16,16],
			"faces":{
				"north":{"uv":[13,0,14,16],"texture":"#particle"},
				"east":{"uv":[16,0,13,16],"texture":"#particle"},
				"south":{"uv":[16,0,13,16],"texture":"#layer0","cullface":"south"},
				"west":{"uv":[13,0,16,16],"texture":"#particle","cullface":"west"},
				"up":{"uv":[7,13,10,16],"texture":"#layer0","cullface":"up"}
			}
		},
		{
			"from":[0,13,3],
			"to":[3,16,13],
			"faces":{
				"east":{"uv":[13,0,3,3],"texture":"#particle"},
				"west":{"uv":[3,0,13,3],"texture":"#particle","cullface":"west"},
				"up":{"uv":[7,3,10,13],"texture":"#layer0","cullface":"up"},
				"down":{"uv":[13,2,3,3],"rotation":90,"texture":"#particle"}
			}
		},
		{
			"from":[1,0,3],
			"to":[2,13,13],
			"faces":{
				"east":{"uv":[13,3,3,16],"texture":"#particle"},
				"west":{"uv":[3,3,13,16],"texture":"#particle"}
			}
		}
	]
}