{
	"__comment":"Possible by KarBo_",
	"textures":{
		"bottle":"block/brewing_stand_bottle",
		"particle":"block/brewing_stand",
		"texture":"block/brewing_stand"
	},
	"elements":[
		{
			"from":[4.9,3,7.5],
			"to":[6.9,14.01,8.5],
			"rotation":{"angle":45,"axis":"y","origin":[8,8,8]},
			"faces":{
				"north":{"uv":[7,2,5,14],"texture":"#texture"},
				"east":{"uv":[6,2,7,14],"texture":"#texture"},
				"south":{"uv":[5,2,7,14],"texture":"#texture"},
				"west":{"uv":[5,2,6,14],"texture":"#texture"},
				"up":{"uv":[5,2,7,3],"texture":"#texture"},
				"down":{"uv":[5,13,7,14],"texture":"#texture"}
			}
		},
		{
			"from":[3.9,12,7.5],
			"to":[4.9,15,8.5],
			"rotation":{"angle":45,"axis":"y","origin":[8,8,8]},
			"faces":{
				"north":{"uv":[4,1,5,4],"texture":"#texture"},
				"east":{"uv":[4,1,5,4],"texture":"#texture"},
				"south":{"uv":[4,1,5,4],"texture":"#texture"},
				"up":{"uv":[5,1,4,2],"texture":"#texture"},
				"down":{"uv":[4,3,5,4],"texture":"#texture"}
			}
		},
		{
			"from":[1.9,11,7.5],
			"to":[2.9,13,8.5],
			"rotation":{"angle":45,"axis":"y","origin":[8,8,8]},
			"faces":{
				"north":{"uv":[2,3,3,5],"texture":"#texture"},
				"south":{"uv":[2,3,3,5],"texture":"#texture"},
				"west":{"uv":[2,3,3,5],"texture":"#texture"},
				"up":{"uv":[3,3,2,4],"texture":"#texture"},
				"down":{"uv":[2,4,3,5],"texture":"#texture"}
			}
		},
		{
			"from":[2.9,10,7.5],
			"to":[3.9,16,8.5],
			"rotation":{"angle":45,"axis":"y","origin":[8,8,8]},
			"faces":{
				"north":{"uv":[3,0,4,6],"texture":"#texture"},
				"east":{"uv":[3,0,4,6],"texture":"#texture"},
				"south":{"uv":[3,0,4,6],"texture":"#texture"},
				"west":{"uv":[3,0,4,6],"texture":"#texture"},
				"up":{"uv":[4,0,3,1],"texture":"#texture","cullface":"up"},
				"down":{"uv":[3,5,4,6],"texture":"#texture"}
			}
		},
		{
			"from":[1.9,8,7.5],
			"to":[2.9,10,8.5],
			"rotation":{"angle":45,"axis":"y","origin":[8,8,8]},
			"faces":{
				"north":{"uv":[12,6,13,8],"texture":"#texture"},
				"east":{"uv":[12,6,13,8],"texture":"#texture"},
				"south":{"uv":[12,6,13,8],"texture":"#texture"},
				"west":{"uv":[12,6,13,8],"texture":"#texture"},
				"up":{"uv":[13,6,12,7],"texture":"#texture"}
			}
		},
		{
			"from":[3.5,6,11.5],
			"to":[4.5,8,12.5],
			"faces":{
				"north":{"uv":[12,8,13,10],"texture":"#texture"},
				"east":{"uv":[12,8,13,10],"texture":"#texture"},
				"south":{"uv":[12,8,13,10],"texture":"#texture"},
				"west":{"uv":[12,8,13,10],"texture":"#texture"},
				"down":{"uv":[12,9,13,10],"texture":"#texture"}
			}
		},
		{
			"from":[2,2,10],
			"to":[6,6,14],
			"faces":{
				"north":{"uv":[0,0,10,10],"texture":"#bottle"},
				"east":{"uv":[0,0,10,10],"texture":"#bottle"},
				"south":{"uv":[0,0,10,10],"texture":"#bottle"},
				"west":{"uv":[0,0,10,10],"texture":"#bottle"},
				"up":{"uv":[0,0,10,10],"texture":"#bottle"}
			}
		},
		{
			"from":[2.01,6.01,10.01],
			"to":[5.99,2.03,13.99],
			"faces":{
				"north":{"uv":[0,10,10,0],"texture":"#bottle"},
				"east":{"uv":[0,10,10,0],"texture":"#bottle"},
				"south":{"uv":[0,10,10,0],"texture":"#bottle"},
				"west":{"uv":[0,10,10,0],"texture":"#bottle"},
				"up":{"uv":[0,0,10,10],"texture":"#bottle"},
				"down":{"uv":[0,0,10,10],"texture":"#bottle"}
			}
		},
		{
			"from":[2.3,2.3,10.3],
			"to":[5.7,4.9,13.7],
			"faces":{
				"north":{"uv":[10,5,16,10],"texture":"#bottle"},
				"east":{"uv":[10,5,16,10],"texture":"#bottle"},
				"south":{"uv":[10,5,16,10],"texture":"#bottle"},
				"west":{"uv":[10,5,16,10],"texture":"#bottle"},
				"up":{"uv":[10,0,16,6],"texture":"#bottle"},
				"down":{"uv":[10,9,16,10],"texture":"#bottle"}
			}
		},
		{
			"from":[3,6,11],
			"to":[5,7,13],
			"faces":{
				"north":{"uv":[6,11,12,12],"texture":"#bottle"},
				"east":{"uv":[6,11,12,12],"texture":"#bottle"},
				"south":{"uv":[6,11,12,12],"texture":"#bottle"},
				"west":{"uv":[6,11,12,12],"texture":"#bottle"}
			}
		},
		{
			"from":[3,7,11],
			"to":[5,6,13],
			"faces":{
				"north":{"uv":[6,11,12,12],"texture":"#bottle"},
				"east":{"uv":[6,11,12,12],"texture":"#bottle"},
				"south":{"uv":[6,11,12,12],"texture":"#bottle"},
				"west":{"uv":[6,11,12,12],"texture":"#bottle"}
			}
		},
		{
			"from":[2.5,7,10.5],
			"to":[5.5,8,13.5],
			"faces":{
				"north":{"uv":[0,10,6,16],"texture":"#bottle"},
				"east":{"uv":[0,10,6,16],"texture":"#bottle"},
				"south":{"uv":[0,10,6,16],"texture":"#bottle"},
				"west":{"uv":[0,10,6,16],"texture":"#bottle"},
				"up":{"uv":[6,10,12,16],"texture":"#bottle"},
				"down":{"uv":[6,10,12,16],"texture":"#bottle"}
			}
		},
		{
			"from":[2.5,8,10.5],
			"to":[5.5,7,13.5],
			"faces":{
				"north":{"uv":[0,16,6,10],"texture":"#bottle"},
				"east":{"uv":[0,16,6,10],"texture":"#bottle"},
				"south":{"uv":[0,16,6,10],"texture":"#bottle"},
				"west":{"uv":[0,16,6,10],"texture":"#bottle"},
				"up":{"uv":[6,10,12,16],"texture":"#bottle"},
				"down":{"uv":[6,10,12,16],"texture":"#bottle"}
			}
		},
		{
			"from":[3,8,11],
			"to":[5,8.5,13],
			"faces":{
				"north":{"uv":[12,13,16,14],"texture":"#bottle"},
				"east":{"uv":[12,12,16,13],"texture":"#bottle"},
				"south":{"uv":[12,13,16,14],"texture":"#bottle"},
				"west":{"uv":[12,12,16,13],"texture":"#bottle"},
				"up":{"uv":[12,12,16,16],"texture":"#bottle"},
				"down":{"uv":[12,16,16,12],"texture":"#bottle"}
			}
		},
		{
			"from":[3.3,7,11.3],
			"to":[4.7,8,12.7],
			"faces":{
				"north":{"uv":[12,12,15,14],"texture":"#bottle"},
				"east":{"uv":[12,12,15,14],"texture":"#bottle"},
				"south":{"uv":[12,12,15,14],"texture":"#bottle"},
				"west":{"uv":[12,12,15,14],"texture":"#bottle"},
				"down":{"uv":[13,12,16,15],"texture":"#bottle"}
			}
		}
	]
}