{
	"parent": "minecraft:block/plant",
	"textures": {
		"bottom": "block/brown_mushroom_bottom",
		"particle": "block/brown_mushroom_top",
		"top": "block/brown_mushroom_top"
	},
	"elements": [
		{
			"name": "Cube",
			"from": [
				7,
				0,
				7
			],
			"to": [
				9,
				4,
				9
			],
			"faces": {
				"north": {
					"uv": [
						0,
						12,
						2,
						16
					],
					"texture": "#top"
				},
				"east": {
					"uv": [
						0,
						12,
						2,
						16
					],
					"texture": "#top"
				},
				"south": {
					"uv": [
						0,
						12,
						2,
						16
					],
					"texture": "#top"
				},
				"west": {
					"uv": [
						0,
						12,
						2,
						16
					],
					"texture": "#top"
				},
				"down": {
					"uv": [
						7,
						6,
						9,
						8
					],
					"texture": "bottom",
					"cullface": "down"
				}
			}
		},
		{
			"name": "Cube",
			"from": [
				5,
				4,
				5
			],
			"to": [
				11,
				5,
				11
			],
			"faces": {
				"north": {
					"uv": [
						5,
						10,
						11,
						11
					],
					"texture": "#top"
				},
				"east": {
					"uv": [
						5,
						10,
						11,
						11
					],
					"texture": "#top"
				},
				"south": {
					"uv": [
						5,
						3,
						11,
						4
					],
					"texture": "#top"
				},
				"west": {
					"uv": [
						5,
						10,
						11,
						11
					],
					"texture": "#top"
				},
				"up": {
					"uv": [
						5,
						4,
						11,
						10
					],
					"texture": "#top"
				},
				"down": {
					"uv": [
						5,
						4,
						11,
						10
					],
					"texture": "bottom"
				}
			}
		},
		{
			"name": "Cube",
			"from": [
				6,
				5,
				6
			],
			"to": [
				10,
				6,
				10
			],
			"faces": {
				"north": {
					"uv": [
						6,
						2,
						10,
						3
					],
					"texture": "#top"
				},
				"east": {
					"uv": [
						6,
						2,
						10,
						3
					],
					"texture": "#top"
				},
				"south": {
					"uv": [
						6,
						2,
						10,
						3
					],
					"texture": "#top"
				},
				"west": {
					"uv": [
						6,
						2,
						10,
						3
					],
					"texture": "#top"
				},
				"up": {
					"uv": [
						6,
						5,
						10,
						9
					],
					"texture": "#top"
				}
			}
		}
	]
}