{
	"__comment":"Possible by KarBo_",
	"textures":{
		"bottom":"block/cake_bottom",
		"top":"block/cake_top",
		"side":"block/cake_side",
		"particle":"block/cake_side",
		"inside":"block/cake_inner"
	},
	"elements":[
		{
			"from":[13,0,1],
			"to":[15,8,15],
			"faces":{
				"north":{"uv":[1,8,3,16],"texture":"#side"},
				"east":{"uv":[1,8,15,16],"texture":"#side"},
				"south":{"uv":[13,8,15,16],"texture":"#side"},
				"west":{"uv":[1,8,15,16],"texture":"#inside"},
				"up":{"uv":[13,1,15,15],"texture":"#top"},
				"down":{"uv":[13,1,15,15],"texture":"#bottom","cullface":"down"}
			}
		},
		{
			"from":[12.999,7.5,9],
			"to":[14,8.5,10],
			"faces":{
				"north":{"uv":[13,9,14,10],"texture":"#top"},
				"east":{"uv":[13,9,14,10],"texture":"#top"},
				"south":{"uv":[13,9,14,10],"texture":"#top"},
				"west":{"uv":[13,9,14,10],"texture":"#top"},
				"up":{"uv":[13,9,14,10],"texture":"#top"}
			}
		}
	]
}