{
	"__comment":"Possible by KarBo_",
	"textures":{
		"bottom":"block/cake_bottom",
		"top":"block/cake_top",
		"side":"block/cake_side",
		"particle":"block/cake_side"
	},
	"elements":[
		{
			"from":[1,0,1],
			"to":[15,8,15],
			"faces":{
				"north":{"uv":[1,8,15,16],"texture":"#side"},
				"east":{"uv":[1,8,15,16],"texture":"#side"},
				"south":{"uv":[1,8,15,16],"texture":"#side"},
				"west":{"uv":[1,8,15,16],"texture":"#side"},
				"up":{"uv":[1,1,15,15],"texture":"#top"},
				"down":{"uv":[1,1,15,15],"texture":"#bottom","cullface":"down"}
			}
		},
		{
			"from":[6,8,7],
			"to":[10,8.5,9],
			"faces":{
				"north":{"uv":[10,7,6,8],"texture":"#top"},
				"east":{"uv":[9,7,10,9],"rotation":90,"texture":"#top"},
				"south":{"uv":[6,8,10,9],"texture":"#top"},
				"west":{"uv":[6,7,7,8],"texture":"#top"},
				"up":{"uv":[6,7,10,9],"texture":"#top"}
			}
		},
		{
			"from":[7,8,6],
			"to":[9,8.5,10],
			"faces":{
				"north":{"uv":[9,6,7,7],"texture":"#top"},
				"east":{"uv":[8,6,9,10],"rotation":90,"texture":"#top"},
				"south":{"uv":[7,9,9,10],"texture":"#top"},
				"west":{"uv":[7,6,8,10],"rotation":90,"texture":"#top"},
				"up":{"uv":[7,6,9,10],"texture":"#top"}
			}
		},
		{
			"from":[7,8,7],
			"to":[9,9,9],
			"faces":{
				"north":{"uv":[6,3,4,4],"texture":"#top"},
				"east":{"uv":[6,4,4,5],"texture":"#top"},
				"south":{"uv":[7,8,9,9],"texture":"#top"},
				"west":{"uv":[4,3,6,4],"texture":"#top"},
				"up":{"uv":[7,7,9,9],"texture":"#top"}
			}
		},
		{
			"from":[4,8,3],
			"to":[6,8.5,5],
			"faces":{
				"north":{"uv":[6,3,4,4],"texture":"#top"},
				"east":{"uv":[6,4,4,5],"texture":"#top"},
				"south":{"uv":[4,4,6,5],"texture":"#top"},
				"west":{"uv":[4,3,6,4],"texture":"#top"},
				"up":{"uv":[4,3,6,5],"texture":"#top"}
			}
		},
		{
			"from":[3,8,11],
			"to":[5,8.5,13],
			"faces":{
				"north":{"uv":[5,11,3,12],"texture":"#top"},
				"east":{"uv":[4,11,5,13],"rotation":90,"texture":"#top"},
				"south":{"uv":[3,12,5,13],"texture":"#top"},
				"west":{"uv":[3,11,5,12],"texture":"#top"},
				"up":{"uv":[3,11,5,13],"texture":"#top"}
			}
		},
		{
			"from":[2,8,7],
			"to":[3,8.5,8],
			"faces":{
				"north":{"uv":[2,7,3,8],"texture":"#top"},
				"east":{"uv":[2,7,3,8],"texture":"#top"},
				"south":{"uv":[2,7,3,8],"texture":"#top"},
				"west":{"uv":[2,7,3,8],"texture":"#top"},
				"up":{"uv":[2,7,3,8],"texture":"#top"}
			}
		},
		{
			"from":[11,8,2],
			"to":[12,8.5,3],
			"faces":{
				"north":{"uv":[11,2,12,3],"texture":"#top"},
				"east":{"uv":[11,2,12,3],"texture":"#top"},
				"south":{"uv":[11,2,12,3],"texture":"#top"},
				"west":{"uv":[11,2,12,3],"texture":"#top"},
				"up":{"uv":[11,2,12,3],"texture":"#top"}
			}
		},
		{
			"from":[11,8,5],
			"to":[12,8.5,6],
			"faces":{
				"north":{"uv":[11,5,12,6],"texture":"#top"},
				"east":{"uv":[11,5,12,6],"texture":"#top"},
				"south":{"uv":[11,5,12,6],"texture":"#top"},
				"west":{"uv":[11,5,12,6],"texture":"#top"},
				"up":{"uv":[11,5,12,6],"texture":"#top"}
			}
		},
		{
			"from":[13,8,9],
			"to":[14,8.5,10],
			"faces":{
				"north":{"uv":[13,9,14,10],"texture":"#top"},
				"east":{"uv":[13,9,14,10],"texture":"#top"},
				"south":{"uv":[13,9,14,10],"texture":"#top"},
				"west":{"uv":[13,9,14,10],"texture":"#top"},
				"up":{"uv":[13,9,14,10],"texture":"#top"}
			}
		},
		{
			"from":[10,8,12],
			"to":[11,8.5,13],
			"faces":{
				"north":{"uv":[10,12,11,13],"texture":"#top"},
				"east":{"uv":[10,12,11,13],"texture":"#top"},
				"south":{"uv":[10,12,11,13],"texture":"#top"},
				"west":{"uv":[10,12,11,13],"texture":"#top"},
				"up":{"uv":[10,12,11,13],"texture":"#top"}
			}
		}
	]
}