{
	"__comment":"Possible by KarBo_",
	"parent":"block/block",
	"textures":{
		"amethyst":"block/calibrated_sculk_sensor_amethyst",
		"particle":"block/sculk_sensor_bottom",
		"bottom":"block/sculk_sensor_bottom",
		"side":"block/sculk_sensor_side",
		"calibrated_side":"block/calibrated_sculk_sensor_input_side",
		"tendrils":"block/sculk_sensor_tendril_inactive",
		"top":"block/calibrated_sculk_sensor_top"
	},
	"elements":[
		{
			"from":[0,0,0],
			"to":[16,8,16],
			"faces":{
				"north":{"uv":[0,8,16,16],"texture":"#side","cullface":"north"},
				"east":{"uv":[0,8,16,16],"texture":"#side","cullface":"east"},
				"south":{"uv":[0,8,16,16],"texture":"#calibrated_side","cullface":"south"},
				"west":{"uv":[0,8,16,16],"texture":"#side","cullface":"west"},
				"up":{"uv":[0,0,16,16],"texture":"#top"},
				"down":{"uv":[0,0,16,16],"texture":"#bottom","cullface":"down"}
			}
		},
		{
			"from":[-1,8,3],
			"to":[7,16,4],
			"rotation":{"angle":45,"axis":"y","origin":[3,8,3]},
			"faces":{
				"north":{"uv":[12,8,4,16],"texture":"#tendrils"},
				"south":{"uv":[4,8,12,16],"texture":"#tendrils"},
				"west":{"uv":[4,8,5,16],"texture":"#tendrils"},
				"up":{"uv":[4,8,12,9],"texture":"#tendrils"}
			}
		},
		{
			"from":[-1,8,3],
			"to":[7,10,4],
			"rotation":{"angle":45,"axis":"y","origin":[3,8,3]},
			"faces":{
				"up":{"uv":[4,14,12,15],"texture":"#tendrils"}
			}
		},
		{
			"from":[-1,10,3],
			"to":[7,11,4],
			"rotation":{"angle":45,"axis":"y","origin":[3,8,3]},
			"faces":{
				"up":{"uv":[4,13,12,14],"texture":"#tendrils"},
				"down":{"uv":[4,13,12,14],"texture":"#tendrils"}
			}
		},
		{
			"from":[-1,11,3],
			"to":[7,12,4],
			"rotation":{"angle":45,"axis":"y","origin":[3,8,3]},
			"faces":{
				"up":{"uv":[4,12,12,13],"texture":"#tendrils"},
				"down":{"uv":[4,12,12,13],"texture":"#tendrils"}
			}
		},
		{
			"from":[-1,12,3],
			"to":[7,13,4],
			"rotation":{"angle":45,"axis":"y","origin":[3,8,3]},
			"faces":{
				"up":{"uv":[4,11,12,12],"texture":"#tendrils"},
				"down":{"uv":[4,11,12,12],"texture":"#tendrils"}
			}
		},
		{
			"from":[-1,13,3],
			"to":[7,14,4],
			"rotation":{"angle":45,"axis":"y","origin":[3,8,3]},
			"faces":{
				"up":{"uv":[4,10,12,11],"texture":"#tendrils"},
				"down":{"uv":[4,10,12,11],"texture":"#tendrils"}
			}
		},
		{
			"from":[-1,14,3],
			"to":[7,15,4],
			"rotation":{"angle":45,"axis":"y","origin":[3,8,3]},
			"faces":{
				"up":{"uv":[4,9,12,10],"texture":"#tendrils"},
				"down":{"uv":[4,9,12,10],"texture":"#tendrils"}
			}
		},
		{
			"from":[0,8,3],
			"to":[7,16,4],
			"rotation":{"angle":45,"axis":"y","origin":[3,8,3]},
			"faces":{
				"east":{"uv":[11,8,12,16],"texture":"#tendrils"},
				"west":{"uv":[5,8,6,16],"texture":"#tendrils"}
			}
		},
		{
			"from":[1,8,3],
			"to":[2,16,4],
			"rotation":{"angle":45,"axis":"y","origin":[3,8,3]},
			"faces":{
				"east":{"uv":[6,8,7,16],"texture":"#tendrils"},
				"west":{"uv":[6,8,7,16],"texture":"#tendrils"}
			}
		},
		{
			"from":[2,8,3],
			"to":[3,16,4],
			"rotation":{"angle":45,"axis":"y","origin":[3,8,3]},
			"faces":{
				"east":{"uv":[7,8,8,16],"texture":"#tendrils"},
				"west":{"uv":[7,8,8,16],"texture":"#tendrils"}
			}
		},
		{
			"from":[3,8,3],
			"to":[4,16,4],
			"rotation":{"angle":45,"axis":"y","origin":[3,8,3]},
			"faces":{
				"east":{"uv":[8,8,9,16],"texture":"#tendrils"},
				"west":{"uv":[8,8,9,16],"texture":"#tendrils"}
			}
		},
		{
			"from":[4,8,3],
			"to":[5,16,4],
			"rotation":{"angle":45,"axis":"y","origin":[3,8,3]},
			"faces":{
				"east":{"uv":[9,8,10,16],"texture":"#tendrils"},
				"west":{"uv":[9,8,10,16],"texture":"#tendrils"}
			}
		},
		{
			"from":[5,8,3],
			"to":[6,16,4],
			"rotation":{"angle":45,"axis":"y","origin":[3,8,3]},
			"faces":{
				"east":{"uv":[10,8,11,16],"texture":"#tendrils"},
				"west":{"uv":[10,8,11,16],"texture":"#tendrils"}
			}
		},
		{
			"from":[9,8,3],
			"to":[17,16,4],
			"rotation":{"angle":-45,"axis":"y","origin":[13,8,3]},
			"faces":{
				"north":{"uv":[12,8,4,16],"texture":"#tendrils"},
				"south":{"uv":[4,8,12,16],"texture":"#tendrils"},
				"west":{"uv":[4,8,5,16],"texture":"#tendrils"},
				"up":{"uv":[4,8,12,9],"texture":"#tendrils"}
			}
		},
		{
			"from":[9,8,3],
			"to":[17,10,4],
			"rotation":{"angle":-45,"axis":"y","origin":[13,8,3]},
			"faces":{
				"up":{"uv":[4,14,12,15],"texture":"#tendrils"}
			}
		},
		{
			"from":[9,10,3],
			"to":[17,11,4],
			"rotation":{"angle":-45,"axis":"y","origin":[13,8,3]},
			"faces":{
				"up":{"uv":[4,13,12,14],"texture":"#tendrils"},
				"down":{"uv":[4,13,12,14],"texture":"#tendrils"}
			}
		},
		{
			"from":[9,11,3],
			"to":[17,12,4],
			"rotation":{"angle":-45,"axis":"y","origin":[13,8,3]},
			"faces":{
				"up":{"uv":[4,12,12,13],"texture":"#tendrils"},
				"down":{"uv":[4,12,12,13],"texture":"#tendrils"}
			}
		},
		{
			"from":[9,12,3],
			"to":[17,13,4],
			"rotation":{"angle":-45,"axis":"y","origin":[13,8,3]},
			"faces":{
				"up":{"uv":[4,11,12,12],"texture":"#tendrils"},
				"down":{"uv":[4,11,12,12],"texture":"#tendrils"}
			}
		},
		{
			"from":[9,13,3],
			"to":[17,14,4],
			"rotation":{"angle":-45,"axis":"y","origin":[13,8,3]},
			"faces":{
				"up":{"uv":[4,10,12,11],"texture":"#tendrils"},
				"down":{"uv":[4,10,12,11],"texture":"#tendrils"}
			}
		},
		{
			"from":[9,14,3],
			"to":[17,15,4],
			"rotation":{"angle":-45,"axis":"y","origin":[13,8,3]},
			"faces":{
				"up":{"uv":[4,9,12,10],"texture":"#tendrils"},
				"down":{"uv":[4,9,12,10],"texture":"#tendrils"}
			}
		},
		{
			"from":[10,8,3],
			"to":[17,16,4],
			"rotation":{"angle":-45,"axis":"y","origin":[13,8,3]},
			"faces":{
				"east":{"uv":[11,8,12,16],"texture":"#tendrils"},
				"west":{"uv":[5,8,6,16],"texture":"#tendrils"}
			}
		},
		{
			"from":[11,8,3],
			"to":[12,16,4],
			"rotation":{"angle":-45,"axis":"y","origin":[13,8,3]},
			"faces":{
				"east":{"uv":[6,8,7,16],"texture":"#tendrils"},
				"west":{"uv":[6,8,7,16],"texture":"#tendrils"}
			}
		},
		{
			"from":[12,8,3],
			"to":[13,16,4],
			"rotation":{"angle":-45,"axis":"y","origin":[13,8,3]},
			"faces":{
				"east":{"uv":[7,8,8,16],"texture":"#tendrils"},
				"west":{"uv":[7,8,8,16],"texture":"#tendrils"}
			}
		},
		{
			"from":[13,8,3],
			"to":[14,16,4],
			"rotation":{"angle":-45,"axis":"y","origin":[13,8,3]},
			"faces":{
				"east":{"uv":[8,8,9,16],"texture":"#tendrils"},
				"west":{"uv":[8,8,9,16],"texture":"#tendrils"}
			}
		},
		{
			"from":[14,8,3],
			"to":[15,16,4],
			"rotation":{"angle":-45,"axis":"y","origin":[13,8,3]},
			"faces":{
				"east":{"uv":[9,8,10,16],"texture":"#tendrils"},
				"west":{"uv":[9,8,10,16],"texture":"#tendrils"}
			}
		},
		{
			"from":[15,8,3],
			"to":[16,16,4],
			"rotation":{"angle":-45,"axis":"y","origin":[13,8,3]},
			"faces":{
				"east":{"uv":[10,8,11,16],"texture":"#tendrils"},
				"west":{"uv":[10,8,11,16],"texture":"#tendrils"}
			}
		},
		{
			"from":[12,8,9],
			"to":[13,16,17],
			"rotation":{"angle":-45,"axis":"y","origin":[13,8,13]},
			"faces":{
				"north":{"uv":[4,8,5,16],"texture":"#tendrils"},
				"east":{"uv":[12,8,4,16],"texture":"#tendrils"},
				"west":{"uv":[4,8,12,16],"texture":"#tendrils"},
				"up":{"uv":[4,8,12,9],"rotation":90,"texture":"#tendrils"}
			}
		},
		{
			"from":[12,8,9],
			"to":[13,10,17],
			"rotation":{"angle":-45,"axis":"y","origin":[13,8,13]},
			"faces":{
				"up":{"uv":[4,14,12,15],"rotation":90,"texture":"#tendrils"}
			}
		},
		{
			"from":[12,10,9],
			"to":[13,11,17],
			"rotation":{"angle":-45,"axis":"y","origin":[13,8,13]},
			"faces":{
				"up":{"uv":[4,13,12,14],"rotation":90,"texture":"#tendrils"},
				"down":{"uv":[4,13,12,14],"rotation":270,"texture":"#tendrils"}
			}
		},
		{
			"from":[12,11,9],
			"to":[13,12,17],
			"rotation":{"angle":-45,"axis":"y","origin":[13,8,13]},
			"faces":{
				"up":{"uv":[4,12,12,13],"rotation":90,"texture":"#tendrils"},
				"down":{"uv":[4,12,12,13],"rotation":270,"texture":"#tendrils"}
			}
		},
		{
			"from":[12,12,9],
			"to":[13,13,17],
			"rotation":{"angle":-45,"axis":"y","origin":[13,8,13]},
			"faces":{
				"up":{"uv":[4,11,12,12],"rotation":90,"texture":"#tendrils"},
				"down":{"uv":[4,11,12,12],"rotation":270,"texture":"#tendrils"}
			}
		},
		{
			"from":[12,13,9],
			"to":[13,14,17],
			"rotation":{"angle":-45,"axis":"y","origin":[13,8,13]},
			"faces":{
				"up":{"uv":[4,10,12,11],"rotation":90,"texture":"#tendrils"},
				"down":{"uv":[4,10,12,11],"rotation":270,"texture":"#tendrils"}
			}
		},
		{
			"from":[12,14,9],
			"to":[13,15,17],
			"rotation":{"angle":-45,"axis":"y","origin":[13,8,13]},
			"faces":{
				"up":{"uv":[4,9,12,10],"rotation":90,"texture":"#tendrils"},
				"down":{"uv":[4,9,12,10],"rotation":270,"texture":"#tendrils"}
			}
		},
		{
			"from":[12,8,10],
			"to":[13,16,17],
			"rotation":{"angle":-45,"axis":"y","origin":[13,8,13]},
			"faces":{
				"north":{"uv":[5,8,6,16],"texture":"#tendrils"},
				"south":{"uv":[11,8,12,16],"texture":"#tendrils"}
			}
		},
		{
			"from":[12,8,11],
			"to":[13,16,12],
			"rotation":{"angle":-45,"axis":"y","origin":[13,8,13]},
			"faces":{
				"north":{"uv":[6,8,7,16],"texture":"#tendrils"},
				"south":{"uv":[6,8,7,16],"texture":"#tendrils"}
			}
		},
		{
			"from":[12,8,12],
			"to":[13,16,13],
			"rotation":{"angle":-45,"axis":"y","origin":[13,8,13]},
			"faces":{
				"north":{"uv":[7,8,8,16],"texture":"#tendrils"},
				"south":{"uv":[7,8,8,16],"texture":"#tendrils"}
			}
		},
		{
			"from":[12,8,13],
			"to":[13,16,14],
			"rotation":{"angle":-45,"axis":"y","origin":[13,8,13]},
			"faces":{
				"north":{"uv":[8,8,9,16],"texture":"#tendrils"},
				"south":{"uv":[8,8,9,16],"texture":"#tendrils"}
			}
		},
		{
			"from":[12,8,14],
			"to":[13,16,15],
			"rotation":{"angle":-45,"axis":"y","origin":[13,8,13]},
			"faces":{
				"north":{"uv":[9,8,10,16],"texture":"#tendrils"},
				"south":{"uv":[9,8,10,16],"texture":"#tendrils"}
			}
		},
		{
			"from":[12,8,15],
			"to":[13,16,16],
			"rotation":{"angle":-45,"axis":"y","origin":[13,8,13]},
			"faces":{
				"north":{"uv":[10,8,11,16],"texture":"#tendrils"},
				"south":{"uv":[10,8,11,16],"texture":"#tendrils"}
			}
		},
		{
			"from":[-1,8,12],
			"to":[7,16,13],
			"rotation":{"angle":-45,"axis":"y","origin":[3,8,13]},
			"faces":{
				"north":{"uv":[4,8,12,16],"texture":"#tendrils"},
				"east":{"uv":[4,8,5,16],"texture":"#tendrils"},
				"south":{"uv":[12,8,4,16],"texture":"#tendrils"},
				"up":{"uv":[4,8,12,9],"rotation":180,"texture":"#tendrils"}
			}
		},
		{
			"from":[-1,8,12],
			"to":[7,10,13],
			"rotation":{"angle":-45,"axis":"y","origin":[3,8,13]},
			"faces":{
				"up":{"uv":[4,14,12,15],"rotation":180,"texture":"#tendrils"}
			}
		},
		{
			"from":[-1,10,12],
			"to":[7,11,13],
			"rotation":{"angle":-45,"axis":"y","origin":[3,8,13]},
			"faces":{
				"up":{"uv":[4,13,12,14],"rotation":180,"texture":"#tendrils"},
				"down":{"uv":[4,13,12,14],"rotation":180,"texture":"#tendrils"}
			}
		},
		{
			"from":[-1,11,12],
			"to":[7,12,13],
			"rotation":{"angle":-45,"axis":"y","origin":[3,8,13]},
			"faces":{
				"up":{"uv":[4,12,12,13],"rotation":180,"texture":"#tendrils"},
				"down":{"uv":[4,12,12,13],"rotation":180,"texture":"#tendrils"}
			}
		},
		{
			"from":[-1,12,12],
			"to":[7,13,13],
			"rotation":{"angle":-45,"axis":"y","origin":[3,8,13]},
			"faces":{
				"up":{"uv":[4,11,12,12],"rotation":180,"texture":"#tendrils"},
				"down":{"uv":[4,11,12,12],"rotation":180,"texture":"#tendrils"}
			}
		},
		{
			"from":[-1,13,12],
			"to":[7,14,13],
			"rotation":{"angle":-45,"axis":"y","origin":[3,8,13]},
			"faces":{
				"up":{"uv":[4,10,12,11],"rotation":180,"texture":"#tendrils"},
				"down":{"uv":[4,10,12,11],"rotation":180,"texture":"#tendrils"}
			}
		},
		{
			"from":[-1,14,12],
			"to":[7,15,13],
			"rotation":{"angle":-45,"axis":"y","origin":[3,8,13]},
			"faces":{
				"up":{"uv":[4,9,12,10],"rotation":180,"texture":"#tendrils"},
				"down":{"uv":[4,9,12,10],"rotation":180,"texture":"#tendrils"}
			}
		},
		{
			"from":[-1,8,12],
			"to":[6,16,13],
			"rotation":{"angle":-45,"axis":"y","origin":[3,8,13]},
			"faces":{
				"east":{"uv":[5,8,6,16],"texture":"#tendrils"},
				"west":{"uv":[11,8,12,16],"texture":"#tendrils"}
			}
		},
		{
			"from":[4,8,12],
			"to":[5,16,13],
			"rotation":{"angle":-45,"axis":"y","origin":[3,8,13]},
			"faces":{
				"east":{"uv":[6,8,7,16],"texture":"#tendrils"},
				"west":{"uv":[6,8,7,16],"texture":"#tendrils"}
			}
		},
		{
			"from":[3,8,12],
			"to":[4,16,13],
			"rotation":{"angle":-45,"axis":"y","origin":[3,8,13]},
			"faces":{
				"east":{"uv":[7,8,8,16],"texture":"#tendrils"},
				"west":{"uv":[7,8,8,16],"texture":"#tendrils"}
			}
		},
		{
			"from":[2,8,12],
			"to":[3,16,13],
			"rotation":{"angle":-45,"axis":"y","origin":[3,8,13]},
			"faces":{
				"east":{"uv":[8,8,9,16],"texture":"#tendrils"},
				"west":{"uv":[8,8,9,16],"texture":"#tendrils"}
			}
		},
		{
			"from":[1,8,12],
			"to":[2,16,13],
			"rotation":{"angle":-45,"axis":"y","origin":[3,8,13]},
			"faces":{
				"east":{"uv":[9,8,10,16],"texture":"#tendrils"},
				"west":{"uv":[9,8,10,16],"texture":"#tendrils"}
			}
		},
		{
			"from":[0,8,12],
			"to":[1,16,13],
			"rotation":{"angle":-45,"axis":"y","origin":[3,8,13]},
			"faces":{
				"east":{"uv":[10,8,11,16],"texture":"#tendrils"},
				"west":{"uv":[10,8,11,16],"texture":"#tendrils"}
			}
		},
		{
			"from":[8,8,5],
			"to":[8,20,11],
			"shade":false,
			"rotation":{"angle":45,"axis":"y","origin":[8,9,8],"rescale":true},
			"faces":{
				"east":{"uv":[4,4,11,16],"texture":"#amethyst"},
				"west":{"uv":[4,4,11,16],"texture":"#amethyst"}
			}
		},
		{
			"from":[5,8,8],
			"to":[11,20,8],
			"shade":false,
			"rotation":{"angle":45,"axis":"y","origin":[8,9,8],"rescale":true},
			"faces":{
				"north":{"uv":[4,4,11,16],"texture":"#amethyst"},
				"south":{"uv":[4,4,11,16],"texture":"#amethyst"}
			}
		}
	],
	"gui_light":"front",
	"display":{
		"thirdperson_lefthand":{
			"rotation":[75,-45,0],
			"translation":[0,2.5,0],
			"scale":[0.375,0.375,0.375]
		},
		"gui":{
			"rotation":[30,45,0],
			"scale":[0.625,0.625,0.625]
		},
		"head":{
			"rotation":[0,-180,0]
		}
	}
}