{"parent": "block/block", "textures": {"particle": "block/chain", "all": "block/chain"}, "elements": [{"from": [8.5, 2, 7.75], "to": [9.5, 3, 8.25], "rotation": {"angle": 45, "axis": "y", "origin": [8, 8, 8]}, "faces": {"north": {"uv": [0, 13, 1, 14], "texture": "#all"}, "east": {"uv": [0, 13, 1, 14], "texture": "#all"}, "south": {"uv": [0, 13, 1, 14], "texture": "#all"}, "west": {"uv": [0, 13, 1, 14], "texture": "#all"}}}, {"from": [6.5, 2, 7.75], "to": [7.5, 3, 8.25], "rotation": {"angle": 45, "axis": "y", "origin": [8, 8, 8]}, "faces": {"north": {"uv": [2, 13, 3, 14], "texture": "#all"}, "east": {"uv": [2, 13, 3, 14], "texture": "#all"}, "south": {"uv": [2, 13, 3, 14], "texture": "#all"}, "west": {"uv": [2, 13, 3, 14], "texture": "#all"}}}, {"from": [6.5, 1.025, 7.75], "to": [9.5, 2, 8.25], "rotation": {"angle": 45, "axis": "y", "origin": [8, 8, 8]}, "faces": {"north": {"uv": [0, 14, 3, 15], "texture": "#all"}, "east": {"uv": [0, 14, 1, 15], "texture": "#all"}, "south": {"uv": [3, 14, 0, 15], "texture": "#all"}, "west": {"uv": [2, 14, 3, 15], "texture": "#all"}, "up": {"uv": [0, 14, 3, 15], "rotation": 180, "texture": "#all"}, "down": {"uv": [0, 14, 3, 15], "rotation": 180, "texture": "#all"}}}, {"from": [6.5, 3, 7.75], "to": [9.5, 4, 8.25], "rotation": {"angle": 45, "axis": "y", "origin": [8, 8, 8]}, "faces": {"north": {"uv": [0, 12, 3, 13], "texture": "#all"}, "east": {"uv": [0, 12, 1, 13], "texture": "#all"}, "south": {"uv": [3, 12, 0, 13], "texture": "#all"}, "west": {"uv": [2, 12, 3, 13], "texture": "#all"}, "up": {"uv": [0, 12, 3, 13], "rotation": 180, "texture": "#all"}, "down": {"uv": [0, 12, 3, 13], "rotation": 180, "texture": "#all"}}}, {"from": [8.5, 7, 7.75], "to": [9.5, 9, 8.25], "rotation": {"angle": 45, "axis": "y", "origin": [8, 8, 8]}, "faces": {"north": {"uv": [0, 7, 1, 9], "texture": "#all"}, "east": {"uv": [0, 7, 0.5, 9], "texture": "#all"}, "south": {"uv": [0, 7, 1, 9], "texture": "#all"}, "west": {"uv": [0, 7, 0.5, 9], "texture": "#all"}}}, {"from": [6.5, 7, 7.75], "to": [7.5, 9, 8.25], "rotation": {"angle": 45, "axis": "y", "origin": [8, 8, 8]}, "faces": {"north": {"uv": [2, 7, 3, 9], "texture": "#all"}, "east": {"uv": [2, 7, 2.5, 9], "texture": "#all"}, "south": {"uv": [2, 7, 3, 9], "texture": "#all"}, "west": {"uv": [2, 7, 2.5, 9], "texture": "#all"}}}, {"from": [6.5, 6.025, 7.75], "to": [9.5, 7, 8.25], "rotation": {"angle": 45, "axis": "y", "origin": [8, 8, 8]}, "faces": {"north": {"uv": [0, 9, 3, 10], "texture": "#all"}, "east": {"uv": [0, 9, 1, 10], "texture": "#all"}, "south": {"uv": [3, 9, 0, 10], "texture": "#all"}, "west": {"uv": [2, 9, 3, 10], "texture": "#all"}, "up": {"uv": [0, 9, 3, 10], "rotation": 180, "texture": "#all"}, "down": {"uv": [0, 9, 3, 10], "rotation": 180, "texture": "#all"}}}, {"from": [6.5, 9, 7.75], "to": [9.5, 10, 8.25], "rotation": {"angle": 45, "axis": "y", "origin": [8, 8, 8]}, "faces": {"north": {"uv": [0, 6, 3, 7], "texture": "#all"}, "east": {"uv": [0, 6, 1, 7], "texture": "#all"}, "south": {"uv": [3, 6, 0, 7], "texture": "#all"}, "west": {"uv": [2, 6, 3, 7], "texture": "#all"}, "up": {"uv": [0, 6, 3, 7], "rotation": 180, "texture": "#all"}, "down": {"uv": [0, 6, 3, 7], "rotation": 180, "texture": "#all"}}}, {"from": [8.5, 13, 7.75], "to": [9.5, 14, 8.25], "rotation": {"angle": 45, "axis": "y", "origin": [8, 8, 8]}, "faces": {"north": {"uv": [0, 2, 1, 3], "texture": "#all"}, "east": {"uv": [0, 2, 1, 3], "texture": "#all"}, "south": {"uv": [0, 2, 1, 3], "texture": "#all"}, "west": {"uv": [0, 2, 1, 3], "texture": "#all"}}}, {"from": [6.5, 13, 7.75], "to": [7.5, 14, 8.25], "rotation": {"angle": 45, "axis": "y", "origin": [8, 8, 8]}, "faces": {"north": {"uv": [2, 2, 3, 3], "texture": "#all"}, "east": {"uv": [2, 2, 3, 3], "texture": "#all"}, "south": {"uv": [2, 2, 3, 3], "texture": "#all"}, "west": {"uv": [2, 2, 3, 3], "texture": "#all"}}}, {"from": [6.5, 12.025, 7.75], "to": [9.5, 13, 8.25], "rotation": {"angle": 45, "axis": "y", "origin": [8, 8, 8]}, "faces": {"north": {"uv": [0, 3, 3, 4], "texture": "#all"}, "east": {"uv": [0, 3, 1, 4], "texture": "#all"}, "south": {"uv": [3, 3, 0, 4], "texture": "#all"}, "west": {"uv": [2, 3, 3, 4], "texture": "#all"}, "up": {"uv": [0, 3, 3, 4], "rotation": 180, "texture": "#all"}, "down": {"uv": [0, 3, 3, 4], "rotation": 180, "texture": "#all"}}}, {"from": [6.5, 14, 7.75], "to": [9.5, 14.975, 8.25], "rotation": {"angle": 45, "axis": "y", "origin": [8, 8, 8]}, "faces": {"north": {"uv": [0, 1, 3, 2], "texture": "#all"}, "east": {"uv": [0, 1, 1, 2], "texture": "#all"}, "south": {"uv": [3, 1, 0, 2], "texture": "#all"}, "west": {"uv": [2, 1, 3, 2], "texture": "#all"}, "up": {"uv": [0, 1, 3, 2], "rotation": 180, "texture": "#all"}, "down": {"uv": [0, 1, 3, 2], "rotation": 180, "texture": "#all"}}}, {"from": [7.75, 0, 6.5], "to": [8.25, 1, 7.5], "rotation": {"angle": 45, "axis": "y", "origin": [8, 8, 8]}, "faces": {"north": {"uv": [3, 15, 4, 16], "texture": "#all"}, "east": {"uv": [3, 15, 4, 16], "texture": "#all"}, "south": {"uv": [3, 15, 4, 16], "texture": "#all"}, "west": {"uv": [3, 15, 4, 16], "texture": "#all"}, "up": {"uv": [3, 15, 4, 16], "texture": "#all"}, "down": {"uv": [3, 15, 4, 16], "texture": "#all", "cullface": "down"}}}, {"from": [7.75, 0, 8.5], "to": [8.25, 1, 9.5], "rotation": {"angle": 45, "axis": "y", "origin": [8, 8, 8]}, "faces": {"north": {"uv": [5, 15, 6, 16], "texture": "#all"}, "east": {"uv": [5, 15, 6, 16], "texture": "#all"}, "south": {"uv": [5, 15, 6, 16], "texture": "#all"}, "west": {"uv": [5, 15, 6, 16], "texture": "#all"}, "up": {"uv": [5, 15, 6, 16], "texture": "#all"}, "down": {"uv": [5, 15, 6, 16], "texture": "#all", "cullface": "down"}}}, {"from": [7.75, 1, 6.5], "to": [8.25, 1.975, 9.5], "rotation": {"angle": 45, "axis": "y", "origin": [8, 8, 8]}, "faces": {"north": {"uv": [3, 14, 4, 15], "texture": "#all"}, "east": {"uv": [6, 14, 3, 15], "texture": "#all"}, "south": {"uv": [5, 14, 6, 15], "texture": "#all"}, "west": {"uv": [3, 14, 6, 15], "texture": "#all"}, "up": {"uv": [3, 14, 6, 15], "rotation": 90, "texture": "#all"}, "down": {"uv": [3, 14, 6, 15], "rotation": 270, "texture": "#all"}}}, {"from": [7.75, 10, 6.5], "to": [8.25, 12, 7.5], "rotation": {"angle": 45, "axis": "y", "origin": [8, 8, 8]}, "faces": {"north": {"uv": [3, 4, 3.5, 6], "texture": "#all"}, "east": {"uv": [3, 4, 4, 6], "texture": "#all"}, "south": {"uv": [3, 4, 3.5, 6], "texture": "#all"}, "west": {"uv": [3, 4, 4, 6], "texture": "#all"}}}, {"from": [7.75, 10, 8.5], "to": [8.25, 12, 9.5], "rotation": {"angle": 45, "axis": "y", "origin": [8, 8, 8]}, "faces": {"north": {"uv": [5, 4, 5.5, 6], "texture": "#all"}, "east": {"uv": [5, 4, 6, 6], "texture": "#all"}, "south": {"uv": [5, 4, 5.5, 6], "texture": "#all"}, "west": {"uv": [5, 4, 6, 6], "texture": "#all"}}}, {"from": [7.75, 9.025, 6.5], "to": [8.25, 10.025, 9.5], "rotation": {"angle": 45, "axis": "y", "origin": [8, 8, 8]}, "faces": {"north": {"uv": [3, 6, 4, 7], "texture": "#all"}, "east": {"uv": [6, 6, 3, 7], "texture": "#all"}, "south": {"uv": [5, 6, 6, 7], "texture": "#all"}, "west": {"uv": [3, 6, 6, 7], "texture": "#all"}, "up": {"uv": [3, 6, 6, 7], "rotation": 90, "texture": "#all"}, "down": {"uv": [3, 6, 6, 7], "rotation": 270, "texture": "#all"}}}, {"from": [7.75, 12, 6.5], "to": [8.25, 12.975, 9.5], "rotation": {"angle": 45, "axis": "y", "origin": [8, 8, 8]}, "faces": {"north": {"uv": [3, 3, 4, 4], "texture": "#all"}, "east": {"uv": [6, 3, 3, 4], "texture": "#all"}, "south": {"uv": [5, 3, 6, 4], "texture": "#all"}, "west": {"uv": [3, 3, 6, 4], "texture": "#all"}, "up": {"uv": [3, 3, 6, 4], "rotation": 90, "texture": "#all"}, "down": {"uv": [3, 3, 6, 4], "rotation": 270, "texture": "#all"}}}, {"from": [7.75, 4, 6.5], "to": [8.25, 6, 7.5], "rotation": {"angle": 45, "axis": "y", "origin": [8, 8, 8]}, "faces": {"north": {"uv": [3, 10, 3.5, 12], "texture": "#all"}, "east": {"uv": [3, 10, 4, 12], "texture": "#all"}, "south": {"uv": [3, 10, 3.5, 12], "texture": "#all"}, "west": {"uv": [3, 10, 4, 12], "texture": "#all"}}}, {"from": [7.75, 4, 8.5], "to": [8.25, 6, 9.5], "rotation": {"angle": 45, "axis": "y", "origin": [8, 8, 8]}, "faces": {"north": {"uv": [5, 10, 5.5, 12], "texture": "#all"}, "east": {"uv": [5, 10, 6, 12], "texture": "#all"}, "south": {"uv": [5, 10, 5.5, 12], "texture": "#all"}, "west": {"uv": [5, 10, 6, 12], "texture": "#all"}}}, {"from": [7.75, 3.025, 6.5], "to": [8.25, 4.025, 9.5], "rotation": {"angle": 45, "axis": "y", "origin": [8, 8, 8]}, "faces": {"north": {"uv": [3, 12, 4, 13], "texture": "#all"}, "east": {"uv": [6, 12, 3, 13], "texture": "#all"}, "south": {"uv": [5, 12, 6, 13], "texture": "#all"}, "west": {"uv": [3, 12, 6, 13], "texture": "#all"}, "up": {"uv": [3, 12, 6, 13], "rotation": 90, "texture": "#all"}, "down": {"uv": [3, 12, 6, 13], "rotation": 270, "texture": "#all"}}}, {"from": [7.75, 6, 6.5], "to": [8.25, 6.975, 9.5], "rotation": {"angle": 45, "axis": "y", "origin": [8, 8, 8]}, "faces": {"north": {"uv": [3, 9, 4, 10], "texture": "#all"}, "east": {"uv": [6, 9, 3, 10], "texture": "#all"}, "south": {"uv": [5, 9, 6, 10], "texture": "#all"}, "west": {"uv": [3, 9, 6, 10], "texture": "#all"}, "up": {"uv": [3, 9, 6, 10], "rotation": 90, "texture": "#all"}, "down": {"uv": [3, 9, 6, 10], "rotation": 270, "texture": "#all"}}}, {"from": [7.75, 15, 6.5], "to": [8.25, 16, 7.5], "rotation": {"angle": 45, "axis": "y", "origin": [8, 8, 8]}, "faces": {"north": {"uv": [3, 0, 4, 1], "texture": "#all"}, "east": {"uv": [3, 0, 4, 1], "texture": "#all"}, "south": {"uv": [3, 0, 4, 1], "texture": "#all"}, "west": {"uv": [3, 0, 4, 1], "texture": "#all"}, "up": {"uv": [3, 0, 4, 1], "texture": "#all", "cullface": "up"}}}, {"from": [7.75, 15, 8.5], "to": [8.25, 16, 9.5], "rotation": {"angle": 45, "axis": "y", "origin": [8, 8, 8]}, "faces": {"north": {"uv": [5, 0, 6, 1], "texture": "#all"}, "east": {"uv": [5, 0, 6, 1], "texture": "#all"}, "south": {"uv": [5, 0, 6, 1], "texture": "#all"}, "west": {"uv": [5, 0, 6, 1], "texture": "#all"}, "up": {"uv": [5, 0, 6, 1], "texture": "#all", "cullface": "up"}}}, {"from": [7.75, 14.025, 6.5], "to": [8.25, 15, 9.5], "rotation": {"angle": 45, "axis": "y", "origin": [8, 8, 8]}, "faces": {"north": {"uv": [3, 1, 4, 2], "texture": "#all"}, "east": {"uv": [6, 1, 3, 2], "texture": "#all"}, "south": {"uv": [5, 1, 6, 2], "texture": "#all"}, "west": {"uv": [3, 1, 6, 2], "texture": "#all"}, "up": {"uv": [3, 1, 6, 2], "rotation": 90, "texture": "#all"}, "down": {"uv": [3, 1, 6, 2], "rotation": 270, "texture": "#all"}}}], "display": {"thirdperson_righthand": {"translation": [0, 3, 1], "scale": [0.55, 0.55, 0.55]}, "thirdperson_lefthand": {"translation": [0, 3, 1], "scale": [0.55, 0.55, 0.55]}, "firstperson_righthand": {"rotation": [0, -90, 25], "translation": [1.13, 3.2, 1.13], "scale": [0.68, 0.68, 0.68]}, "firstperson_lefthand": {"rotation": [0, -90, 25], "translation": [1.13, 3.2, 1.13], "scale": [0.68, 0.68, 0.68]}, "ground": {"translation": [0, 2, 0], "scale": [0.5, 0.5, 0.5]}, "gui": {"rotation": [30, 107, 0], "scale": [0.625, 0.625, 0.625]}, "head": {"rotation": [0, 180, 0], "translation": [0, 13, 7]}, "fixed": {"rotation": [0, 180, 0], "translation": [0, 0, -1]}}, "groups": [{"name": "chain", "origin": [8, 8, 8], "children": [0, 1, 2, 3]}, {"name": "chain", "origin": [8, 8, 8], "children": [4, 5, 6, 7]}, {"name": "chain", "origin": [8, 8, 8], "children": [8, 9, 10, 11]}, {"name": "chain", "origin": [8, 8, 8], "children": [12, 13, 14]}, {"name": "chain", "origin": [8, 8, 8], "children": [15, 16, 17, 18]}, {"name": "chain", "origin": [8, 8, 8], "children": [19, 20, 21, 22]}, {"name": "chain", "origin": [8, 8, 8], "children": [23, 24, 25]}]}