{
	"__comment":"Possible by KarBo_",
	"ambientocclusion":false,
	"textures":{
		"layer0":"block/cherry_door_top",
		"layer1":"block/cherry_door_top1",
		"particle":"block/cherry_door_top"
	},
	"elements":[
		{
			"from":[0,0,13],
			"to":[3,16,16],
			"faces":{
				"north":{"uv":[3,0,2,16],"texture":"#layer0"},
				"east":{"uv":[0,0,3,16],"texture":"#layer0"},
				"south":{"uv":[3,0,0,16],"texture":"#layer1","cullface":"south"},
				"west":{"uv":[3,0,0,16],"texture":"#layer0","cullface":"west"},
				"up":{"uv":[10,3,13,0],"texture":"#layer1","cullface":"up"}
			}
		},
		{
			"from":[0,0,0],
			"to":[3,16,3],
			"faces":{
				"north":{"uv":[16,0,13,16],"texture":"#layer1","cullface":"north"},
				"east":{"uv":[13,0,16,16],"texture":"#layer0"},
				"south":{"uv":[14,0,13,16],"texture":"#layer0"},
				"west":{"uv":[16,0,13,16],"texture":"#layer0","cullface":"west"},
				"up":{"uv":[10,16,13,13],"texture":"#layer1","cullface":"up"}
			}
		},
		{
			"from":[0,12,3],
			"to":[3,16,13],
			"faces":{
				"east":{"uv":[3,0,13,4],"texture":"#layer0"},
				"west":{"uv":[13,0,3,4],"texture":"#layer0","cullface":"west"},
				"up":{"uv":[10,13,13,3],"texture":"#layer1","cullface":"up"},
				"down":{"uv":[3,3,13,4],"rotation":90,"texture":"#layer0"}
			}
		},
		{
			"from":[1,0,12],
			"to":[2,12,13],
			"faces":{
				"north":{"uv":[4,4,3,16],"texture":"#layer0"},
				"east":{"uv":[4,4,3,16],"texture":"#layer0"},
				"west":{"uv":[4,4,3,16],"texture":"#layer0"}
			}
		},
		{
			"from":[1,0,3],
			"to":[2,12,4],
			"faces":{
				"east":{"uv":[12,4,13,16],"texture":"#layer0"},
				"south":{"uv":[12,4,13,16],"texture":"#layer0"},
				"west":{"uv":[12,4,13,16],"texture":"#layer0"}
			}
		},
		{
			"from":[1,1,11],
			"to":[2,5,12],
			"faces":{
				"north":{"uv":[5,11,4,15],"texture":"#layer0"},
				"east":{"uv":[5,11,4,15],"texture":"#layer0"},
				"west":{"uv":[5,11,4,15],"texture":"#layer0"},
				"up":{"uv":[4,12,5,11],"texture":"#layer0"},
				"down":{"uv":[4,15,5,14],"texture":"#layer0"}
			}
		},
		{
			"from":[1,1,4],
			"to":[2,5,5],
			"faces":{
				"east":{"uv":[11,11,12,15],"texture":"#layer0"},
				"south":{"uv":[11,11,12,15],"texture":"#layer0"},
				"west":{"uv":[11,11,12,15],"texture":"#layer0"},
				"up":{"uv":[11,11,12,12],"texture":"#layer0"},
				"down":{"uv":[11,14,12,15],"texture":"#layer0"}
			}
		},
		{
			"from":[1,6,11],
			"to":[2,10,12],
			"faces":{
				"north":{"uv":[5,6,4,10],"texture":"#layer0"},
				"east":{"uv":[5,6,4,10],"texture":"#layer0"},
				"west":{"uv":[5,6,4,10],"texture":"#layer0"},
				"up":{"uv":[4,7,5,6],"texture":"#layer0"},
				"down":{"uv":[4,10,5,9],"texture":"#layer0"}
			}
		},
		{
			"from":[1,6,4],
			"to":[2,10,5],
			"faces":{
				"east":{"uv":[11,6,12,10],"texture":"#layer0"},
				"south":{"uv":[11,6,12,10],"texture":"#layer0"},
				"west":{"uv":[11,6,12,10],"texture":"#layer0"},
				"up":{"uv":[11,6,12,7],"texture":"#layer0"},
				"down":{"uv":[11,9,12,10],"texture":"#layer0"}
			}
		},
		{
			"from":[1,11,11],
			"to":[2,12,12],
			"faces":{
				"north":{"uv":[5,4,4,5],"texture":"#layer0"},
				"east":{"uv":[5,4,4,5],"texture":"#layer0"},
				"west":{"uv":[5,4,4,5],"texture":"#layer0"},
				"down":{"uv":[4,5,5,4],"texture":"#layer0"}
			}
		},
		{
			"from":[1,11,4],
			"to":[2,12,5],
			"faces":{
				"east":{"uv":[12,4,11,5],"texture":"#layer0"},
				"south":{"uv":[12,4,11,5],"texture":"#layer0"},
				"west":{"uv":[12,4,11,5],"texture":"#layer0"},
				"down":{"uv":[11,5,12,4],"texture":"#layer0"}
			}
		},
		{
			"from":[1,2,9],
			"to":[2,4,11],
			"faces":{
				"north":{"uv":[7,12,6,14],"texture":"#layer0"},
				"east":{"uv":[5,12,7,14],"texture":"#layer0"},
				"west":{"uv":[7,12,5,14],"texture":"#layer0"},
				"up":{"uv":[5,13,6,12],"texture":"#layer0"},
				"down":{"uv":[5,14,6,13],"texture":"#layer0"}
			}
		},
		{
			"from":[1,2,5],
			"to":[2,4,7],
			"faces":{
				"east":{"uv":[9,12,11,14],"texture":"#layer0"},
				"south":{"uv":[10,12,9,14],"texture":"#layer0"},
				"west":{"uv":[11,12,9,14],"texture":"#layer0"},
				"up":{"uv":[10,12,11,13],"texture":"#layer0"},
				"down":{"uv":[10,13,11,14],"texture":"#layer0"}
			}
		},
		{
			"from":[1,7,9],
			"to":[2,9,11],
			"faces":{
				"north":{"uv":[7,7,6,9],"texture":"#layer0"},
				"east":{"uv":[5,7,7,9],"texture":"#layer0"},
				"west":{"uv":[7,7,5,9],"texture":"#layer0"},
				"up":{"uv":[5,8,6,7],"texture":"#layer0"},
				"down":{"uv":[5,9,6,8],"texture":"#layer0"}
			}
		},
		{
			"from":[1,7,5],
			"to":[2,9,7],
			"faces":{
				"east":{"uv":[9,7,11,9],"texture":"#layer0"},
				"south":{"uv":[10,12,9,14],"texture":"#layer0"},
				"west":{"uv":[11,7,9,9],"texture":"#layer0"},
				"up":{"uv":[10,7,11,8],"texture":"#layer0"},
				"down":{"uv":[10,8,11,9],"texture":"#layer0"}
			}
		},
		{
			"from":[1,0,7],
			"to":[2,1,9],
			"faces":{
				"north":{"uv":[9,15,8,16],"texture":"#layer0"},
				"east":{"uv":[7,15,9,16],"texture":"#layer0"},
				"south":{"uv":[8,15,7,16],"texture":"#layer0"},
				"west":{"uv":[9,15,7,16],"texture":"#layer0"}
			}
		},
		{
			"from":[1,1,6],
			"to":[2,2,10],
			"faces":{
				"north":{"uv":[10,14,9,15],"texture":"#layer0"},
				"east":{"uv":[6,14,10,15],"texture":"#layer0"},
				"south":{"uv":[7,14,6,15],"texture":"#layer0"},
				"west":{"uv":[10,14,6,15],"texture":"#layer0"},
				"up":{"uv":[10,14,6,15],"rotation":90,"texture":"#layer0"},
				"down":{"uv":[6,14,10,15],"rotation":90,"texture":"#layer0"}
			}
		},
		{
			"from":[1,4,6],
			"to":[2,5,10],
			"faces":{
				"north":{"uv":[10,11,9,12],"texture":"#layer0"},
				"east":{"uv":[6,11,10,12],"texture":"#layer0"},
				"south":{"uv":[7,11,6,12],"texture":"#layer0"},
				"west":{"uv":[10,11,6,12],"texture":"#layer0"},
				"up":{"uv":[10,11,6,12],"rotation":90,"texture":"#layer0"},
				"down":{"uv":[6,11,10,12],"rotation":90,"texture":"#layer0"}
			}
		},
		{
			"from":[1,5,7],
			"to":[2,6,9],
			"faces":{
				"north":{"uv":[9,10,8,11],"texture":"#layer0"},
				"east":{"uv":[7,10,9,11],"texture":"#layer0"},
				"south":{"uv":[8,10,7,11],"texture":"#layer0"},
				"west":{"uv":[9,10,7,11],"texture":"#layer0"}
			}
		},
		{
			"from":[1,6,6],
			"to":[2,7,10],
			"faces":{
				"north":{"uv":[10,9,9,10],"texture":"#layer0"},
				"east":{"uv":[6,9,10,10],"texture":"#layer0"},
				"south":{"uv":[7,9,6,10],"texture":"#layer0"},
				"west":{"uv":[10,9,6,10],"texture":"#layer0"},
				"up":{"uv":[10,9,6,10],"rotation":90,"texture":"#layer0"},
				"down":{"uv":[6,9,10,10],"rotation":90,"texture":"#layer0"}
			}
		},
		{
			"from":[1,9,6],
			"to":[2,10,10],
			"faces":{
				"north":{"uv":[10,6,9,7],"texture":"#layer0"},
				"east":{"uv":[6,6,10,7],"texture":"#layer0"},
				"south":{"uv":[7,6,6,7],"texture":"#layer0"},
				"west":{"uv":[10,6,6,7],"texture":"#layer0"},
				"up":{"uv":[10,6,6,7],"rotation":90,"texture":"#layer0"},
				"down":{"uv":[6,6,10,7],"rotation":90,"texture":"#layer0"}
			}
		},
		{
			"from":[1,10,7],
			"to":[2,11,9],
			"faces":{
				"north":{"uv":[9,5,8,6],"texture":"#layer0"},
				"east":{"uv":[7,5,9,6],"texture":"#layer0"},
				"south":{"uv":[8,5,7,6],"texture":"#layer0"},
				"west":{"uv":[9,5,7,6],"texture":"#layer0"}
			}
		},
		{
			"from":[1,11,6],
			"to":[2,12,10],
			"faces":{
				"north":{"uv":[10,4,9,5],"texture":"#layer0"},
				"east":{"uv":[6,4,10,5],"texture":"#layer0"},
				"south":{"uv":[7,4,6,5],"texture":"#layer0"},
				"west":{"uv":[10,4,6,5],"texture":"#layer0"},
				"down":{"uv":[6,4,10,5],"rotation":90,"texture":"#layer0"}
			}
		}
	]
}