{
	"__comment":"Possible by KarBo_",
	"ambientocclusion":false,
	"textures":{
		"layer1":"block/cherry_trapdoor1",
		"layer2":"block/cherry_trapdoor2",
		"particle":"block/cherry_trapdoor",
		"layer0":"block/cherry_trapdoor"
	},
	"elements":[
		{
			"from":[0,0,13],
			"to":[16,4,16],
			"faces":{
				"north":{"uv":[16,4,0,0],"texture":"#layer0"},
				"east":{"uv":[16,3,12,6],"rotation":270,"texture":"#layer1","cullface":"east"},
				"south":{"uv":[0,4,16,0],"texture":"#layer0","cullface":"south"},
				"west":{"uv":[12,10,16,13],"rotation":90,"texture":"#layer1","cullface":"west"},
				"up":{"uv":[0,5,16,2],"texture":"#layer2"},
				"down":{"uv":[0,0,16,3],"texture":"#layer1","cullface":"down"}
			}
		},
		{
			"from":[0,12,13],
			"to":[16,16,16],
			"faces":{
				"north":{"uv":[16,16,0,12],"texture":"#layer0"},
				"east":{"uv":[4,3,0,6],"rotation":270,"texture":"#layer1","cullface":"east"},
				"south":{"uv":[0,16,16,12],"texture":"#layer0","cullface":"south"},
				"west":{"uv":[0,10,4,13],"rotation":90,"texture":"#layer1","cullface":"west"},
				"up":{"uv":[16,13,0,16],"rotation":180,"texture":"#layer1","cullface":"up"},
				"down":{"uv":[0,11,16,14],"texture":"#layer2"}
			}
		},
		{
			"from":[0,4,13],
			"to":[4,12,16],
			"faces":{
				"north":{"uv":[4,12,0,4],"texture":"#layer0"},
				"east":{"uv":[12,8,4,11],"rotation":270,"texture":"#layer2"},
				"south":{"uv":[0,12,4,4],"texture":"#layer0","cullface":"south"},
				"west":{"uv":[4,10,12,13],"rotation":90,"texture":"#layer1","cullface":"west"}
			}
		},
		{
			"from":[12,4,13],
			"to":[16,12,16],
			"faces":{
				"north":{"uv":[16,12,12,4],"texture":"#layer0"},
				"east":{"uv":[12,3,4,6],"rotation":270,"texture":"#layer1","cullface":"east"},
				"south":{"uv":[12,12,16,4],"texture":"#layer0","cullface":"south"},
				"west":{"uv":[4,5,12,8],"rotation":90,"texture":"#layer2"}
			}
		},
		{
			"from":[6,4,14],
			"to":[7,12,15],
			"faces":{
				"north":{"uv":[7,12,6,4],"texture":"#layer0"},
				"east":{"uv":[6,12,7,4],"texture":"#layer0"},
				"south":{"uv":[6,12,7,4],"texture":"#layer0"},
				"west":{"uv":[6,12,7,4],"rotation":180,"texture":"#layer0"}
			}
		},
		{
			"from":[9,4,14],
			"to":[10,12,15],
			"faces":{
				"north":{"uv":[10,12,9,4],"texture":"#layer0"},
				"east":{"uv":[9,12,10,4],"texture":"#layer0"},
				"south":{"uv":[9,12,10,4],"texture":"#layer0"},
				"west":{"uv":[9,12,10,4],"rotation":180,"texture":"#layer0"}
			}
		},
		{
			"from":[4,6,14],
			"to":[6,7,15],
			"faces":{
				"north":{"uv":[4,7,6,6],"rotation":180,"texture":"#layer0"},
				"south":{"uv":[4,7,6,6],"texture":"#layer0"},
				"up":{"uv":[4,7,6,6],"texture":"#layer0"},
				"down":{"uv":[4,6,6,7],"texture":"#layer0"}
			}
		},
		{
			"from":[4,9,14],
			"to":[6,10,15],
			"faces":{
				"north":{"uv":[6,9,4,10],"texture":"#layer0"},
				"south":{"uv":[4,10,6,9],"texture":"#layer0"},
				"up":{"uv":[4,10,6,9],"texture":"#layer0"},
				"down":{"uv":[4,9,6,10],"texture":"#layer0"}
			}
		},
		{
			"from":[7,6,14],
			"to":[9,7,15],
			"faces":{
				"north":{"uv":[9,6,7,7],"texture":"#layer0"},
				"south":{"uv":[7,7,9,6],"texture":"#layer0"},
				"up":{"uv":[7,7,9,6],"texture":"#layer0"},
				"down":{"uv":[7,6,9,7],"texture":"#layer0"}
			}
		},
		{
			"from":[7,9,14],
			"to":[9,10,15],
			"faces":{
				"north":{"uv":[9,9,7,10],"texture":"#layer0"},
				"south":{"uv":[7,10,9,9],"texture":"#layer0"},
				"up":{"uv":[7,10,9,9],"texture":"#layer0"},
				"down":{"uv":[7,9,9,10],"texture":"#layer0"}
			}
		},
		{
			"from":[10,6,14],
			"to":[12,7,15],
			"faces":{
				"north":{"uv":[12,6,10,7],"texture":"#layer0"},
				"south":{"uv":[10,7,12,6],"texture":"#layer0"},
				"up":{"uv":[10,7,12,6],"texture":"#layer0"},
				"down":{"uv":[10,6,12,7],"texture":"#layer0"}
			}
		},
		{
			"from":[10,9,14],
			"to":[12,10,15],
			"faces":{
				"north":{"uv":[12,9,10,10],"texture":"#layer0"},
				"south":{"uv":[10,10,12,9],"texture":"#layer0"},
				"up":{"uv":[10,10,12,9],"texture":"#layer0"},
				"down":{"uv":[10,9,12,10],"texture":"#layer0"}
			}
		}
	]
}