{
	"__comment":"Possible by KarBo_",
	"ambientocclusion":false,
	"textures":{
		"layer1":"block/cherry_trapdoor1",
		"layer2":"block/cherry_trapdoor2",
		"particle":"block/cherry_trapdoor",
		"layer0":"block/cherry_trapdoor"
	},
	"elements":[
		{
			"from":[0,0,13],
			"to":[16,4,16],
			"faces":{
				"north":{"uv":[0,4,16,0],"texture":"#layer0"},
				"east":{"uv":[12,13,16,10],"rotation":90,"texture":"#layer1","cullface":"east"},
				"south":{"uv":[16,4,0,0],"texture":"#layer0","cullface":"south"},
				"west":{"uv":[16,6,12,3],"rotation":270,"texture":"#layer1","cullface":"west"},
				"up":{"uv":[16,5,0,2],"texture":"#layer2"},
				"down":{"uv":[16,0,0,3],"texture":"#layer1","cullface":"down"}
			}
		},
		{
			"from":[0,12,13],
			"to":[16,16,16],
			"faces":{
				"north":{"uv":[0,16,16,12],"texture":"#layer0"},
				"east":{"uv":[0,13,4,10],"rotation":90,"texture":"#layer1","cullface":"east"},
				"south":{"uv":[16,16,0,12],"texture":"#layer0","cullface":"south"},
				"west":{"uv":[4,6,0,3],"rotation":270,"texture":"#layer1","cullface":"west"},
				"up":{"uv":[0,13,16,16],"rotation":180,"texture":"#layer1","cullface":"up"},
				"down":{"uv":[16,11,0,14],"texture":"#layer2"}
			}
		},
		{
			"from":[12,4,13],
			"to":[16,12,16],
			"faces":{
				"north":{"uv":[0,12,4,4],"texture":"#layer0"},
				"east":{"uv":[4,13,12,10],"rotation":90,"texture":"#layer1","cullface":"east"},
				"south":{"uv":[4,12,0,4],"texture":"#layer0","cullface":"south"},
				"west":{"uv":[12,11,4,8],"rotation":270,"texture":"#layer2"}
			}
		},
		{
			"from":[0,4,13],
			"to":[4,12,16],
			"faces":{
				"north":{"uv":[12,12,16,4],"texture":"#layer0"},
				"east":{"uv":[4,8,12,5],"rotation":90,"texture":"#layer2"},
				"south":{"uv":[16,12,12,4],"texture":"#layer0","cullface":"south"},
				"west":{"uv":[12,6,4,3],"rotation":270,"texture":"#layer1","cullface":"west"}
			}
		},
		{
			"from":[9,4,14],
			"to":[10,12,15],
			"faces":{
				"north":{"uv":[6,12,7,4],"texture":"#layer0"},
				"east":{"uv":[7,12,6,4],"rotation":180,"texture":"#layer0"},
				"south":{"uv":[7,12,6,4],"texture":"#layer0"},
				"west":{"uv":[7,12,6,4],"texture":"#layer0"}
			}
		},
		{
			"from":[6,4,14],
			"to":[7,12,15],
			"faces":{
				"north":{"uv":[9,12,10,4],"texture":"#layer0"},
				"east":{"uv":[10,12,9,4],"rotation":180,"texture":"#layer0"},
				"south":{"uv":[10,12,9,4],"texture":"#layer0"},
				"west":{"uv":[10,12,9,4],"texture":"#layer0"}
			}
		},
		{
			"from":[10,6,14],
			"to":[12,7,15],
			"faces":{
				"north":{"uv":[6,7,4,6],"rotation":180,"texture":"#layer0"},
				"south":{"uv":[6,7,4,6],"texture":"#layer0"},
				"up":{"uv":[6,7,4,6],"texture":"#layer0"},
				"down":{"uv":[6,6,4,7],"texture":"#layer0"}
			}
		},
		{
			"from":[10,9,14],
			"to":[12,10,15],
			"faces":{
				"north":{"uv":[4,9,6,10],"texture":"#layer0"},
				"south":{"uv":[6,10,4,9],"texture":"#layer0"},
				"up":{"uv":[6,10,4,9],"texture":"#layer0"},
				"down":{"uv":[6,9,4,10],"texture":"#layer0"}
			}
		},
		{
			"from":[7,6,14],
			"to":[9,7,15],
			"faces":{
				"north":{"uv":[7,6,9,7],"texture":"#layer0"},
				"south":{"uv":[9,7,7,6],"texture":"#layer0"},
				"up":{"uv":[9,7,7,6],"texture":"#layer0"},
				"down":{"uv":[9,6,7,7],"texture":"#layer0"}
			}
		},
		{
			"from":[7,9,14],
			"to":[9,10,15],
			"faces":{
				"north":{"uv":[7,9,9,10],"texture":"#layer0"},
				"south":{"uv":[9,10,7,9],"texture":"#layer0"},
				"up":{"uv":[9,10,7,9],"texture":"#layer0"},
				"down":{"uv":[9,9,7,10],"texture":"#layer0"}
			}
		},
		{
			"from":[4,6,14],
			"to":[6,7,15],
			"faces":{
				"north":{"uv":[10,6,12,7],"texture":"#layer0"},
				"south":{"uv":[12,7,10,6],"texture":"#layer0"},
				"up":{"uv":[12,7,10,6],"texture":"#layer0"},
				"down":{"uv":[12,6,10,7],"texture":"#layer0"}
			}
		},
		{
			"from":[4,9,14],
			"to":[6,10,15],
			"faces":{
				"north":{"uv":[10,9,12,10],"texture":"#layer0"},
				"south":{"uv":[12,10,10,9],"texture":"#layer0"},
				"up":{"uv":[12,10,10,9],"texture":"#layer0"},
				"down":{"uv":[12,9,10,10],"texture":"#layer0"}
			}
		}
	]
}