{
	"__comment":"Designed by GeForceLegend",
	"ambientocclusion":false,
	"textures":{
		"top2":"block/copper_door_top2",
		"top1":"block/copper_door_top1",
		"top":"block/copper_door_top",
		"particle":"block/copper_door_top"
	},
	"elements":[
		{
			"from":[0,13,0],
			"to":[3,16,16],
			"faces":{
				"north":{"uv":[16,0,13,3],"texture":"#top1","cullface":"north"},
				"east":{"uv":[0,0,16,3],"texture":"#top"},
				"south":{"uv":[3,0,0,3],"texture":"#top1","cullface":"south"},
				"west":{"uv":[16,0,0,3],"texture":"#top","cullface":"west"},
				"up":{"uv":[3,16,6,0],"texture":"#top1","cullface":"up"},
				"down":{"uv":[10,0,13,16],"texture":"#top1"}
			}
		},
		{
			"from":[0,0,13],
			"to":[3,13,16],
			"faces":{
				"north":{"uv":[3,3,0,16],"texture":"#top2"},
				"east":{"uv":[0,3,3,16],"texture":"#top"},
				"south":{"uv":[3,3,0,16],"texture":"#top1","cullface":"south"},
				"west":{"uv":[3,3,0,16],"texture":"#top","cullface":"west"}
			}
		},
		{
			"from":[0,0,0],
			"to":[3,13,3],
			"faces":{
				"north":{"uv":[16,3,13,16],"texture":"#top1","cullface":"north"},
				"east":{"uv":[13,3,16,16],"texture":"#top"},
				"south":{"uv":[16,3,13,16],"texture":"#top2"},
				"west":{"uv":[16,3,13,16],"texture":"#top","cullface":"west"}
			}
		},
		{
			"from":[0,0,3],
			"to":[3,3,13],
			"faces":{
				"east":{"uv":[3,13,13,16],"texture":"#top"},
				"west":{"uv":[13,13,3,16],"texture":"#top","cullface":"west"},
				"up":{"uv":[13,13,3,16],"rotation":90,"texture":"#top2"},
				"down":{"uv":[3,15,13,16],"rotation":90,"texture":"#top"}
			}
		},
		{
			"from":[1,6,6],
			"to":[2,10,10],
			"faces":{
				"north":{"uv":[10,6,9,10],"texture":"#top"},
				"east":{"uv":[6,6,10,10],"texture":"#top"},
				"south":{"uv":[7,6,6,10],"texture":"#top"},
				"west":{"uv":[10,6,6,10],"texture":"#top"},
				"up":{"uv":[10,6,6,7],"rotation":90,"texture":"#top"},
				"down":{"uv":[6,9,10,10],"rotation":90,"texture":"#top"}
			}
		},
		{
			"from":[1,3,11],
			"to":[2,5,13],
			"faces":{
				"north":{"uv":[5,11,4,13],"texture":"#top"},
				"east":{"uv":[3,11,5,13],"texture":"#top"},
				"west":{"uv":[5,11,3,13],"texture":"#top"},
				"up":{"uv":[5,11,3,12],"rotation":90,"texture":"#top"}
			}
		},
		{
			"from":[1,11,11],
			"to":[2,13,13],
			"faces":{
				"north":{"uv":[5,3,4,5],"texture":"#top"},
				"east":{"uv":[3,3,5,5],"texture":"#top"},
				"west":{"uv":[5,3,3,5],"texture":"#top"},
				"down":{"uv":[3,4,5,5],"rotation":90,"texture":"#top"}
			}
		},
		{
			"from":[1,11,3],
			"to":[2,13,5],
			"faces":{
				"east":{"uv":[11,3,13,5],"texture":"#top"},
				"south":{"uv":[12,3,11,5],"texture":"#top"},
				"west":{"uv":[13,3,11,5],"texture":"#top"},
				"down":{"uv":[11,4,13,5],"rotation":90,"texture":"#top"}
			}
		},
		{
			"from":[1,3,3],
			"to":[2,5,5],
			"faces":{
				"east":{"uv":[11,11,13,13],"texture":"#top"},
				"south":{"uv":[12,11,11,13],"texture":"#top"},
				"west":{"uv":[13,11,11,13],"texture":"#top"},
				"up":{"uv":[13,11,11,12],"rotation":90,"texture":"#top"}
			}
		},
		{
			"from":[1,5,9],
			"to":[2,6,12],
			"faces":{
				"north":{"uv":[7,10,6,11],"texture":"#top"},
				"east":{"uv":[4,10,7,11],"texture":"#top"},
				"south":{"uv":[5,10,4,11],"texture":"#top"},
				"west":{"uv":[7,10,4,11],"texture":"#top"},
				"up":{"uv":[7,10,4,11],"rotation":90,"texture":"#top"},
				"down":{"uv":[4,10,7,11],"rotation":90,"texture":"#top"}
			}
		},
		{
			"from":[1,4,10],
			"to":[2,7,11],
			"faces":{
				"north":{"uv":[6,9,5,12],"texture":"#top"},
				"east":{"uv":[6,9,5,12],"texture":"#top"},
				"south":{"uv":[6,9,5,12],"texture":"#top"},
				"west":{"uv":[6,9,5,12],"texture":"#top"},
				"up":{"uv":[5,10,6,9],"texture":"#top"},
				"down":{"uv":[5,12,6,11],"texture":"#top"}
			}
		},
		{
			"from":[1,9,10],
			"to":[2,12,11],
			"faces":{
				"north":{"uv":[6,4,5,7],"texture":"#top"},
				"east":{"uv":[6,4,5,7],"texture":"#top"},
				"south":{"uv":[6,4,5,7],"texture":"#top"},
				"west":{"uv":[6,4,5,7],"texture":"#top"},
				"up":{"uv":[5,5,6,4],"texture":"#top"},
				"down":{"uv":[5,7,6,6],"texture":"#top"}
			}
		},
		{
			"from":[1,10,9],
			"to":[2,11,12],
			"faces":{
				"north":{"uv":[7,5,6,6],"texture":"#top"},
				"east":{"uv":[4,5,7,6],"texture":"#top"},
				"south":{"uv":[5,5,4,6],"texture":"#top"},
				"west":{"uv":[7,5,4,6],"texture":"#top"},
				"up":{"uv":[7,5,4,6],"rotation":90,"texture":"#top"},
				"down":{"uv":[4,5,7,6],"rotation":90,"texture":"#top"}
			}
		},
		{
			"from":[1,10,4],
			"to":[2,11,7],
			"faces":{
				"north":{"uv":[12,5,11,6],"texture":"#top"},
				"east":{"uv":[9,5,12,6],"texture":"#top"},
				"south":{"uv":[10,5,9,6],"texture":"#top"},
				"west":{"uv":[12,5,9,6],"texture":"#top"},
				"up":{"uv":[12,5,9,6],"rotation":90,"texture":"#top"},
				"down":{"uv":[9,5,12,6],"rotation":90,"texture":"#top"}
			}
		},
		{
			"from":[1,9,5],
			"to":[2,12,6],
			"faces":{
				"north":{"uv":[10,4,11,7],"texture":"#top"},
				"east":{"uv":[11,4,10,7],"texture":"#top"},
				"south":{"uv":[10,4,11,7],"texture":"#top"},
				"west":{"uv":[11,4,10,7],"texture":"#top"},
				"up":{"uv":[10,5,11,4],"texture":"#top"},
				"down":{"uv":[10,7,11,6],"texture":"#top"}
			}
		},
		{
			"from":[1,4,5],
			"to":[2,7,6],
			"faces":{
				"north":{"uv":[10,9,11,12],"texture":"#top"},
				"east":{"uv":[11,9,10,12],"texture":"#top"},
				"south":{"uv":[10,9,11,12],"texture":"#top"},
				"west":{"uv":[11,9,10,12],"texture":"#top"},
				"up":{"uv":[10,10,11,9],"texture":"#top"},
				"down":{"uv":[10,12,11,11],"texture":"#top"}
			}
		},
		{
			"from":[1,5,4],
			"to":[2,6,7],
			"faces":{
				"north":{"uv":[12,10,11,11],"texture":"#top"},
				"east":{"uv":[9,10,12,11],"texture":"#top"},
				"south":{"uv":[10,10,9,11],"texture":"#top"},
				"west":{"uv":[12,10,9,11],"texture":"#top"},
				"up":{"uv":[12,10,9,11],"rotation":90,"texture":"#top"},
				"down":{"uv":[9,10,12,11],"rotation":90,"texture":"#top"}
			}
		},
		{
			"from":[-0.99,0,3.01],
			"to":[4,0.99,4.99],
			"faces":{
				"north":{"uv":[13,15,12,16],"texture":"#top"},
				"east":{"uv":[13,15,11,16],"texture":"#top"},
				"south":{"uv":[12,15,11,16],"texture":"#top"},
				"west":{"uv":[13,15,11,16],"texture":"#top","cullface":"west"},
				"up":{"uv":[13,15,11,16],"rotation":90,"texture":"#top"}
			}
		}
	]
}