{
	"__comment":"Possible by KarBo_",
	"ambientocclusion":false,
	"textures":{
		"particle":"block/copper_trapdoor",
		"texture":"block/copper_trapdoor",
		"texture1":"block/copper_trapdoor1",
		"texture2":"block/copper_trapdoor2"
	},
	"elements":[
		{
			"from":[13,13,0],
			"to":[16,16,16],
			"faces":{
				"north":{"uv":[16,3,13,0],"texture":"#texture1","cullface":"north"},
				"east":{"uv":[0,6,16,3],"texture":"#texture1","cullface":"east"},
				"south":{"uv":[13,16,16,13],"texture":"#texture1","cullface":"south"},
				"west":{"uv":[16,3,0,6],"texture":"#texture2"},
				"up":{"uv":[13,0,16,16],"texture":"#texture","cullface":"up"},
				"down":{"uv":[13,16,16,0],"texture":"#texture"}
			}
		},
		{
			"from":[0,13,0],
			"to":[3,16,16],
			"faces":{
				"north":{"uv":[0,3,3,0],"texture":"#texture1","cullface":"north"},
				"east":{"uv":[0,10,16,13],"texture":"#texture2"},
				"south":{"uv":[0,13,3,16],"texture":"#texture1","cullface":"south"},
				"west":{"uv":[16,10,0,13],"texture":"#texture1","cullface":"west"},
				"up":{"uv":[0,0,3,16],"texture":"#texture","cullface":"up"},
				"down":{"uv":[0,16,3,0],"texture":"#texture"}
			}
		},
		{
			"from":[3,13,0],
			"to":[13,16,3],
			"faces":{
				"north":{"uv":[13,0,3,3],"texture":"#texture1","cullface":"north"},
				"south":{"uv":[3,0,13,3],"texture":"#texture2"},
				"up":{"uv":[3,0,13,3],"texture":"#texture","cullface":"up"},
				"down":{"uv":[3,3,13,0],"texture":"#texture"}
			}
		},
		{
			"from":[3,13,13],
			"to":[13,16,16],
			"faces":{
				"north":{"uv":[13,13,3,16],"texture":"#texture2"},
				"south":{"uv":[3,13,13,16],"texture":"#texture1","cullface":"south"},
				"up":{"uv":[3,13,13,16],"texture":"#texture","cullface":"up"},
				"down":{"uv":[3,16,13,13],"texture":"#texture"}
			}
		},
		{
			"from":[2.01,12.5,2.01],
			"to":[3.99,16.5,3.99],
			"faces":{
				"north":{"uv":[4,2,2,3],"texture":"#texture"},
				"east":{"uv":[3,2,4,4],"rotation":90,"texture":"#texture"},
				"south":{"uv":[2,3,4,4],"texture":"#texture"},
				"west":{"uv":[2,4,3,2],"rotation":90,"texture":"#texture"},
				"up":{"uv":[2,2,4,4],"texture":"#texture","cullface":"up"},
				"down":{"uv":[2,4,4,2],"texture":"#texture"}
			}
		},
		{
			"from":[12.01,12.5,2.01],
			"to":[13.99,16.5,3.99],
			"faces":{
				"north":{"uv":[14,2,12,3],"texture":"#texture"},
				"east":{"uv":[13,2,14,4],"rotation":90,"texture":"#texture"},
				"south":{"uv":[12,3,14,4],"texture":"#texture"},
				"west":{"uv":[12,4,13,2],"rotation":90,"texture":"#texture"},
				"up":{"uv":[12,2,14,4],"texture":"#texture","cullface":"up"},
				"down":{"uv":[12,4,14,2],"texture":"#texture"}
			}
		},
		{
			"from":[12.01,12.5,12.01],
			"to":[13.99,16.5,13.99],
			"faces":{
				"north":{"uv":[14,12,12,13],"texture":"#texture"},
				"east":{"uv":[13,12,14,14],"rotation":90,"texture":"#texture"},
				"south":{"uv":[12,13,14,14],"texture":"#texture"},
				"west":{"uv":[12,14,13,12],"rotation":90,"texture":"#texture"},
				"up":{"uv":[12,12,14,14],"texture":"#texture","cullface":"up"},
				"down":{"uv":[12,14,14,12],"texture":"#texture"}
			}
		},
		{
			"from":[2.01,12.5,12.01],
			"to":[3.99,16.5,13.99],
			"faces":{
				"north":{"uv":[4,12,2,13],"texture":"#texture"},
				"east":{"uv":[3,12,4,14],"rotation":90,"texture":"#texture"},
				"south":{"uv":[2,13,4,14],"texture":"#texture"},
				"west":{"uv":[2,14,3,12],"rotation":90,"texture":"#texture"},
				"up":{"uv":[2,12,4,14],"texture":"#texture","cullface":"up"},
				"down":{"uv":[2,14,4,12],"texture":"#texture"}
			}
		},
		{
			"from":[3,15.5,3],
			"to":[5,16,5],
			"faces":{
				"east":{"uv":[4,3,5,5],"rotation":90,"texture":"#texture"},
				"south":{"uv":[3,4,5,5],"texture":"#texture"},
				"up":{"uv":[3,3,5,5],"texture":"#texture","cullface":"up"},
				"down":{"uv":[3,5,5,3],"texture":"#texture"}
			}
		},
		{
			"from":[11,15.5,3],
			"to":[13,16,5],
			"faces":{
				"south":{"uv":[11,4,13,5],"texture":"#texture"},
				"west":{"uv":[11,5,12,3],"rotation":90,"texture":"#texture"},
				"up":{"uv":[11,3,13,5],"texture":"#texture","cullface":"up"},
				"down":{"uv":[11,5,13,3],"texture":"#texture"}
			}
		},
		{
			"from":[5,15.5,4],
			"to":[6,16,5],
			"faces":{
				"north":{"uv":[5,4,6,5],"texture":"#texture"},
				"east":{"uv":[5,4,6,5],"texture":"#texture"},
				"up":{"uv":[5,4,6,5],"texture":"#texture","cullface":"up"},
				"down":{"uv":[5,4,6,5],"texture":"#texture"}
			}
		},
		{
			"from":[10,15.5,4],
			"to":[11,16,5],
			"faces":{
				"north":{"uv":[10,4,11,5],"texture":"#texture"},
				"west":{"uv":[10,4,11,5],"texture":"#texture"},
				"up":{"uv":[10,4,11,5],"texture":"#texture","cullface":"up"},
				"down":{"uv":[10,4,11,5],"texture":"#texture"}
			}
		},
		{
			"from":[4,15.5,5],
			"to":[7,16,6],
			"faces":{
				"north":{"uv":[7,5,4,6],"texture":"#texture"},
				"east":{"uv":[6,5,7,6],"texture":"#texture"},
				"south":{"uv":[4,5,7,6],"texture":"#texture"},
				"west":{"uv":[4,5,5,6],"texture":"#texture"},
				"up":{"uv":[4,5,7,6],"texture":"#texture","cullface":"up"},
				"down":{"uv":[4,5,7,6],"texture":"#texture"}
			}
		},
		{
			"from":[9,15.5,5],
			"to":[12,16,6],
			"faces":{
				"north":{"uv":[12,5,9,6],"texture":"#texture"},
				"east":{"uv":[11,5,12,6],"texture":"#texture"},
				"south":{"uv":[9,5,12,6],"texture":"#texture"},
				"west":{"uv":[9,5,10,6],"texture":"#texture"},
				"up":{"uv":[9,5,12,6],"texture":"#texture","cullface":"up"},
				"down":{"uv":[9,5,12,6],"texture":"#texture"}
			}
		},
		{
			"from":[5,15.5,6],
			"to":[11,16,7],
			"faces":{
				"north":{"uv":[11,6,5,7],"texture":"#texture"},
				"east":{"uv":[10,6,11,7],"texture":"#texture"},
				"south":{"uv":[5,6,11,7],"texture":"#texture"},
				"west":{"uv":[5,6,6,7],"texture":"#texture"},
				"up":{"uv":[5,6,11,7],"texture":"#texture","cullface":"up"},
				"down":{"uv":[5,6,11,7],"texture":"#texture"}
			}
		},
		{
			"from":[5,15.5,9],
			"to":[11,16,10],
			"faces":{
				"north":{"uv":[11,9,5,10],"texture":"#texture"},
				"east":{"uv":[10,9,11,10],"texture":"#texture"},
				"south":{"uv":[5,9,11,10],"texture":"#texture"},
				"west":{"uv":[5,9,6,10],"texture":"#texture"},
				"up":{"uv":[5,9,11,10],"texture":"#texture","cullface":"up"},
				"down":{"uv":[5,9,11,10],"texture":"#texture"}
			}
		},
		{
			"from":[9,15.5,10],
			"to":[12,16,11],
			"faces":{
				"north":{"uv":[12,10,9,11],"texture":"#texture"},
				"east":{"uv":[11,10,12,11],"texture":"#texture"},
				"south":{"uv":[9,10,12,11],"texture":"#texture"},
				"west":{"uv":[9,10,10,11],"texture":"#texture"},
				"up":{"uv":[9,10,12,11],"texture":"#texture","cullface":"up"},
				"down":{"uv":[9,10,12,11],"texture":"#texture"}
			}
		},
		{
			"from":[11,15.5,11],
			"to":[13,16,13],
			"faces":{
				"north":{"uv":[13,11,11,12],"texture":"#texture"},
				"west":{"uv":[11,13,12,11],"rotation":90,"texture":"#texture"},
				"up":{"uv":[11,11,13,13],"texture":"#texture","cullface":"up"},
				"down":{"uv":[11,13,13,11],"texture":"#texture"}
			}
		},
		{
			"from":[10,15.5,11],
			"to":[11,16,12],
			"faces":{
				"south":{"uv":[10,11,11,12],"texture":"#texture"},
				"west":{"uv":[10,11,11,12],"texture":"#texture"},
				"up":{"uv":[10,11,11,12],"texture":"#texture","cullface":"up"},
				"down":{"uv":[10,11,11,12],"texture":"#texture"}
			}
		},
		{
			"from":[4,15.5,10],
			"to":[7,16,11],
			"faces":{
				"north":{"uv":[7,10,4,11],"texture":"#texture"},
				"east":{"uv":[6,10,7,11],"texture":"#texture"},
				"south":{"uv":[4,10,7,11],"texture":"#texture"},
				"west":{"uv":[4,10,5,11],"texture":"#texture"},
				"up":{"uv":[4,10,7,11],"texture":"#texture","cullface":"up"},
				"down":{"uv":[4,10,7,11],"texture":"#texture"}
			}
		},
		{
			"from":[3,15.5,11],
			"to":[5,16,13],
			"faces":{
				"north":{"uv":[5,11,3,12],"texture":"#texture"},
				"east":{"uv":[4,11,5,13],"rotation":90,"texture":"#texture"},
				"up":{"uv":[3,11,5,13],"texture":"#texture","cullface":"up"},
				"down":{"uv":[3,13,5,11],"texture":"#texture"}
			}
		},
		{
			"from":[5,15.5,11],
			"to":[6,16,12],
			"faces":{
				"east":{"uv":[5,11,6,12],"texture":"#texture"},
				"south":{"uv":[5,11,6,12],"texture":"#texture"},
				"up":{"uv":[5,11,6,12],"texture":"#texture","cullface":"up"},
				"down":{"uv":[5,11,6,12],"texture":"#texture"}
			}
		},
		{
			"from":[6,15.5,7],
			"to":[7,16,9],
			"faces":{
				"east":{"uv":[6,7,7,9],"rotation":90,"texture":"#texture"},
				"west":{"uv":[6,9,7,7],"rotation":90,"texture":"#texture"},
				"up":{"uv":[6,7,7,9],"texture":"#texture","cullface":"up"},
				"down":{"uv":[6,9,7,7],"texture":"#texture"}
			}
		},
		{
			"from":[9,15.5,7],
			"to":[10,16,9],
			"faces":{
				"east":{"uv":[9,7,10,9],"rotation":90,"texture":"#texture"},
				"west":{"uv":[9,9,10,7],"rotation":90,"texture":"#texture"},
				"up":{"uv":[9,7,10,9],"texture":"#texture","cullface":"up"},
				"down":{"uv":[9,9,10,7],"texture":"#texture"}
			}
		},
		{
			"from":[3,13,3],
			"to":[5,13.5,5],
			"faces":{
				"east":{"uv":[4,3,5,5],"rotation":90,"texture":"#texture"},
				"south":{"uv":[3,4,5,5],"texture":"#texture"},
				"up":{"uv":[3,3,5,5],"texture":"#texture"},
				"down":{"uv":[3,5,5,3],"texture":"#texture"}
			}
		},
		{
			"from":[11,13,3],
			"to":[13,13.5,5],
			"faces":{
				"south":{"uv":[11,4,13,5],"texture":"#texture"},
				"west":{"uv":[11,5,12,3],"rotation":90,"texture":"#texture"},
				"up":{"uv":[11,3,13,5],"texture":"#texture"},
				"down":{"uv":[11,5,13,3],"texture":"#texture"}
			}
		},
		{
			"from":[5,13,4],
			"to":[6,13.5,5],
			"faces":{
				"north":{"uv":[5,4,6,5],"texture":"#texture"},
				"east":{"uv":[5,4,6,5],"texture":"#texture"},
				"up":{"uv":[5,4,6,5],"texture":"#texture"},
				"down":{"uv":[5,4,6,5],"texture":"#texture"}
			}
		},
		{
			"from":[10,13,4],
			"to":[11,13.5,5],
			"faces":{
				"north":{"uv":[10,4,11,5],"texture":"#texture"},
				"west":{"uv":[10,4,11,5],"texture":"#texture"},
				"up":{"uv":[10,4,11,5],"texture":"#texture"},
				"down":{"uv":[10,4,11,5],"texture":"#texture"}
			}
		},
		{
			"from":[4,13,5],
			"to":[7,13.5,6],
			"faces":{
				"north":{"uv":[7,5,4,6],"texture":"#texture"},
				"east":{"uv":[6,5,7,6],"texture":"#texture"},
				"south":{"uv":[4,5,7,6],"texture":"#texture"},
				"west":{"uv":[4,5,5,6],"texture":"#texture"},
				"up":{"uv":[4,5,7,6],"texture":"#texture"},
				"down":{"uv":[4,5,7,6],"texture":"#texture"}
			}
		},
		{
			"from":[9,13,5],
			"to":[12,13.5,6],
			"faces":{
				"north":{"uv":[12,5,9,6],"texture":"#texture"},
				"east":{"uv":[11,5,12,6],"texture":"#texture"},
				"south":{"uv":[9,5,12,6],"texture":"#texture"},
				"west":{"uv":[9,5,10,6],"texture":"#texture"},
				"up":{"uv":[9,5,12,6],"texture":"#texture"},
				"down":{"uv":[9,5,12,6],"texture":"#texture"}
			}
		},
		{
			"from":[5,13,6],
			"to":[11,13.5,7],
			"faces":{
				"north":{"uv":[11,6,5,7],"texture":"#texture"},
				"east":{"uv":[10,6,11,7],"texture":"#texture"},
				"south":{"uv":[5,6,11,7],"texture":"#texture"},
				"west":{"uv":[5,6,6,7],"texture":"#texture"},
				"up":{"uv":[5,6,11,7],"texture":"#texture"},
				"down":{"uv":[5,6,11,7],"texture":"#texture"}
			}
		},
		{
			"from":[5,13,9],
			"to":[11,13.5,10],
			"faces":{
				"north":{"uv":[11,9,5,10],"texture":"#texture"},
				"east":{"uv":[10,9,11,10],"texture":"#texture"},
				"south":{"uv":[5,9,11,10],"texture":"#texture"},
				"west":{"uv":[5,9,6,10],"texture":"#texture"},
				"up":{"uv":[5,9,11,10],"texture":"#texture"},
				"down":{"uv":[5,9,11,10],"texture":"#texture"}
			}
		},
		{
			"from":[9,13,10],
			"to":[12,13.5,11],
			"faces":{
				"north":{"uv":[12,10,9,11],"texture":"#texture"},
				"east":{"uv":[11,10,12,11],"texture":"#texture"},
				"south":{"uv":[9,10,12,11],"texture":"#texture"},
				"west":{"uv":[9,10,10,11],"texture":"#texture"},
				"up":{"uv":[9,10,12,11],"texture":"#texture"},
				"down":{"uv":[9,10,12,11],"texture":"#texture"}
			}
		},
		{
			"from":[11,13,11],
			"to":[13,13.5,13],
			"faces":{
				"north":{"uv":[13,11,11,12],"texture":"#texture"},
				"west":{"uv":[11,13,12,11],"rotation":90,"texture":"#texture"},
				"up":{"uv":[11,11,13,13],"texture":"#texture"},
				"down":{"uv":[11,13,13,11],"texture":"#texture"}
			}
		},
		{
			"from":[10,13,11],
			"to":[11,13.5,12],
			"faces":{
				"south":{"uv":[10,11,11,12],"texture":"#texture"},
				"west":{"uv":[10,11,11,12],"texture":"#texture"},
				"up":{"uv":[10,11,11,12],"texture":"#texture"},
				"down":{"uv":[10,11,11,12],"texture":"#texture"}
			}
		},
		{
			"from":[4,13,10],
			"to":[7,13.5,11],
			"faces":{
				"north":{"uv":[7,10,4,11],"texture":"#texture"},
				"east":{"uv":[6,10,7,11],"texture":"#texture"},
				"south":{"uv":[4,10,7,11],"texture":"#texture"},
				"west":{"uv":[4,10,5,11],"texture":"#texture"},
				"up":{"uv":[4,10,7,11],"texture":"#texture"},
				"down":{"uv":[4,10,7,11],"texture":"#texture"}
			}
		},
		{
			"from":[3,13,11],
			"to":[5,13.5,13],
			"faces":{
				"north":{"uv":[5,11,3,12],"texture":"#texture"},
				"east":{"uv":[4,11,5,13],"rotation":90,"texture":"#texture"},
				"up":{"uv":[3,11,5,13],"texture":"#texture"},
				"down":{"uv":[3,13,5,11],"texture":"#texture"}
			}
		},
		{
			"from":[5,13,11],
			"to":[6,13.5,12],
			"faces":{
				"east":{"uv":[5,11,6,12],"texture":"#texture"},
				"south":{"uv":[5,11,6,12],"texture":"#texture"},
				"up":{"uv":[5,11,6,12],"texture":"#texture"},
				"down":{"uv":[5,11,6,12],"texture":"#texture"}
			}
		},
		{
			"from":[6,13,7],
			"to":[7,13.5,9],
			"faces":{
				"east":{"uv":[6,7,7,9],"rotation":90,"texture":"#texture"},
				"west":{"uv":[6,9,7,7],"rotation":90,"texture":"#texture"},
				"up":{"uv":[6,7,7,9],"texture":"#texture"},
				"down":{"uv":[6,9,7,7],"texture":"#texture"}
			}
		},
		{
			"from":[9,13,7],
			"to":[10,13.5,9],
			"faces":{
				"east":{"uv":[9,7,10,9],"rotation":90,"texture":"#texture"},
				"west":{"uv":[9,9,10,7],"rotation":90,"texture":"#texture"},
				"up":{"uv":[9,7,10,9],"texture":"#texture"},
				"down":{"uv":[9,9,10,7],"texture":"#texture"}
			}
		}
	]
}