{
	"__comment":"Possible by KarBo_",
	"parent":"block/cube_all",
	"textures":{
		"all":"block/copper_bulb"
	},
	"elements":[
		{
			"from":[0.5,0.5,0.5],
			"to":[15.5,15.5,15.5],
			"faces":{
				"north":{"uv":[0.4706,0.4706,15.5294,15.5294],"texture":"#all","cullface":"north"},
				"east":{"uv":[0.4706,0.4706,15.5294,15.5294],"texture":"#all","cullface":"east"},
				"south":{"uv":[0.4706,0.4706,15.5294,15.5294],"texture":"#all","cullface":"south"},
				"west":{"uv":[0.4706,0.4706,15.5294,15.5294],"texture":"#all","cullface":"west"},
				"up":{"uv":[0.4706,0.4706,15.5294,15.5294],"texture":"#all","cullface":"up"},
				"down":{"uv":[0.4706,0.4706,15.5294,15.5294],"texture":"#all","cullface":"down"}
			}
		},
		{
			"from":[0,0,0],
			"to":[1,16,1],
			"faces":{
				"north":{"uv":[15,0,16,16],"texture":"#all","cullface":"north"},
				"east":{"uv":[15,0,16,16],"texture":"#all","cullface":"north"},
				"south":{"uv":[0,0,1,16],"texture":"#all","cullface":"west"},
				"west":{"uv":[0,0,1,16],"texture":"#all","cullface":"west"},
				"up":{"uv":[0,0,1,1],"texture":"#all","cullface":"up"},
				"down":{"uv":[0,15,1,16],"texture":"#all","cullface":"down"}
			}
		},
		{
			"from":[0,0,15],
			"to":[1,16,16],
			"faces":{
				"north":{"uv":[15,0,16,16],"texture":"#all","cullface":"west"},
				"east":{"uv":[0,0,1,16],"texture":"#all","cullface":"south"},
				"south":{"uv":[0,0,1,16],"texture":"#all","cullface":"south"},
				"west":{"uv":[15,0,16,16],"texture":"#all","cullface":"west"},
				"up":{"uv":[0,15,1,16],"texture":"#all","cullface":"up"},
				"down":{"uv":[0,0,1,1],"texture":"#all","cullface":"down"}
			}
		},
		{
			"from":[15,0,15],
			"to":[16,16,16],
			"faces":{
				"north":{"uv":[0,0,1,16],"texture":"#all","cullface":"east"},
				"east":{"uv":[0,0,1,16],"texture":"#all","cullface":"east"},
				"south":{"uv":[15,0,16,16],"texture":"#all","cullface":"south"},
				"west":{"uv":[15,0,16,16],"texture":"#all","cullface":"south"},
				"up":{"uv":[15,15,16,16],"texture":"#all","cullface":"up"},
				"down":{"uv":[15,0,16,1],"texture":"#all","cullface":"down"}
			}
		},
		{
			"from":[15,0,0],
			"to":[16,16,1],
			"faces":{
				"north":{"uv":[0,0,1,16],"texture":"#all","cullface":"north"},
				"east":{"uv":[0,0,1,16],"texture":"#all","cullface":"east"},
				"south":{"uv":[0,0,1,16],"texture":"#all","cullface":"east"},
				"west":{"uv":[0,0,1,16],"texture":"#all","cullface":"north"},
				"up":{"uv":[15,0,16,1],"texture":"#all","cullface":"up"},
				"down":{"uv":[15,15,16,16],"texture":"#all","cullface":"down"}
			}
		},
		{
			"from":[1,15,0],
			"to":[15,16,1],
			"faces":{
				"north":{"uv":[1,0,15,1],"texture":"#all","cullface":"north"},
				"south":{"uv":[1,0,15,1],"texture":"#all","cullface":"up"},
				"up":{"uv":[1,0,15,1],"texture":"#all","cullface":"up"},
				"down":{"uv":[15,0,1,1],"texture":"#all","cullface":"north"}
			}
		},
		{
			"from":[1,15,15],
			"to":[15,16,16],
			"faces":{
				"north":{"uv":[15,15,1,16],"texture":"#all","cullface":"up"},
				"south":{"uv":[1,0,15,1],"texture":"#all","cullface":"south"},
				"up":{"uv":[1,15,15,16],"texture":"#all","cullface":"up"},
				"down":{"uv":[1,0,15,1],"texture":"#all","cullface":"south"}
			}
		},
		{
			"from":[0,15,1],
			"to":[1,16,15],
			"faces":{
				"east":{"uv":[0,1,1,15],"rotation":90,"texture":"#all","cullface":"up"},
				"west":{"uv":[1,0,15,1],"texture":"#all","cullface":"west"},
				"up":{"uv":[0,1,1,15],"texture":"#all","cullface":"up"},
				"down":{"uv":[15,0,1,1],"rotation":90,"texture":"#all","cullface":"west"}
			}
		},
		{
			"from":[15,15,1],
			"to":[16,16,15],
			"faces":{
				"east":{"uv":[1,0,15,1],"texture":"#all","cullface":"east"},
				"west":{"uv":[15,15,16,1],"rotation":90,"texture":"#all","cullface":"up"},
				"up":{"uv":[15,1,16,15],"texture":"#all","cullface":"up"},
				"down":{"uv":[1,0,15,1],"rotation":90,"texture":"#all","cullface":"east"}
			}
		},
		{
			"from":[1,0,0],
			"to":[15,1,1],
			"faces":{
				"north":{"uv":[1,15,15,16],"texture":"#all","cullface":"north"},
				"south":{"uv":[1,15,15,16],"texture":"#all","cullface":"down"},
				"up":{"uv":[15,15,1,16],"texture":"#all","cullface":"north"},
				"down":{"uv":[1,15,15,16],"texture":"#all","cullface":"down"}
			}
		},
		{
			"from":[1,0,15],
			"to":[15,1,16],
			"faces":{
				"north":{"uv":[15,0,1,1],"texture":"#all","cullface":"down"},
				"south":{"uv":[1,15,15,16],"texture":"#all","cullface":"south"},
				"up":{"uv":[1,15,15,16],"texture":"#all","cullface":"south"},
				"down":{"uv":[1,0,15,1],"texture":"#all","cullface":"down"}
			}
		},
		{
			"from":[0,0,1],
			"to":[1,1,15],
			"faces":{
				"east":{"uv":[0,15,1,1],"rotation":90,"texture":"#all","cullface":"down"},
				"west":{"uv":[1,15,15,16],"texture":"#all","cullface":"west"},
				"up":{"uv":[1,15,15,16],"rotation":90,"texture":"#all","cullface":"west"},
				"down":{"uv":[0,1,1,15],"texture":"#all","cullface":"down"}
			}
		},
		{
			"from":[15,0,1],
			"to":[16,1,15],
			"faces":{
				"east":{"uv":[1,15,15,16],"texture":"#all","cullface":"east"},
				"west":{"uv":[15,1,16,15],"rotation":90,"texture":"#all","cullface":"down"},
				"up":{"uv":[15,15,1,16],"rotation":90,"texture":"#all","cullface":"east"},
				"down":{"uv":[15,1,16,15],"texture":"#all","cullface":"down"}
			}
		},
		{
			"from":[0,1,1],
			"to":[1,4,4],
			"faces":{
				"south":{"uv":[3,12,4,15],"texture":"#all","cullface":"west"},
				"west":{"uv":[1,12,4,15],"texture":"#all","cullface":"west"},
				"up":{"uv":[1,12,4,13],"rotation":90,"texture":"#all","cullface":"west"}
			}
		},
		{
			"from":[0,1,12],
			"to":[1,4,15],
			"faces":{
				"north":{"uv":[12,12,13,15],"texture":"#all","cullface":"west"},
				"west":{"uv":[12,12,15,15],"texture":"#all","cullface":"west"},
				"up":{"uv":[12,12,15,13],"rotation":90,"texture":"#all","cullface":"west"}
			}
		},
		{
			"from":[0,12,12],
			"to":[1,15,15],
			"faces":{
				"north":{"uv":[12,1,13,4],"texture":"#all","cullface":"west"},
				"west":{"uv":[12,1,15,4],"texture":"#all","cullface":"west"},
				"down":{"uv":[15,3,12,4],"rotation":90,"texture":"#all","cullface":"west"}
			}
		},
		{
			"from":[0,12,1],
			"to":[1,15,4],
			"faces":{
				"south":{"uv":[3,1,4,4],"texture":"#all","cullface":"west"},
				"west":{"uv":[1,1,4,4],"texture":"#all","cullface":"west"},
				"down":{"uv":[4,3,1,4],"rotation":90,"texture":"#all","cullface":"west"}
			}
		},
		{
			"from":[0,7,1],
			"to":[1,9,7],
			"faces":{
				"south":{"uv":[6,7,7,9],"texture":"#all","cullface":"west"},
				"west":{"uv":[1,7,7,9],"texture":"#all","cullface":"west"},
				"up":{"uv":[1,7,7,8],"rotation":90,"texture":"#all","cullface":"west"},
				"down":{"uv":[7,8,1,9],"rotation":90,"texture":"#all","cullface":"west"}
			}
		},
		{
			"from":[0,7,9],
			"to":[1,9,15],
			"faces":{
				"north":{"uv":[9,7,10,9],"texture":"#all","cullface":"west"},
				"west":{"uv":[9,7,15,9],"texture":"#all","cullface":"west"},
				"up":{"uv":[9,7,15,8],"rotation":90,"texture":"#all","cullface":"west"},
				"down":{"uv":[15,8,9,9],"rotation":90,"texture":"#all","cullface":"west"}
			}
		},
		{
			"from":[0,1,7],
			"to":[1,7,9],
			"faces":{
				"north":{"uv":[7,9,8,15],"texture":"#all","cullface":"west"},
				"south":{"uv":[8,9,9,15],"texture":"#all","cullface":"west"},
				"west":{"uv":[7,9,9,15],"texture":"#all","cullface":"west"},
				"up":{"uv":[7,9,9,10],"rotation":90,"texture":"#all","cullface":"west"}
			}
		},
		{
			"from":[0,9,7],
			"to":[1,15,9],
			"faces":{
				"north":{"uv":[7,1,8,7],"texture":"#all","cullface":"west"},
				"south":{"uv":[8,1,9,7],"texture":"#all","cullface":"west"},
				"west":{"uv":[7,1,9,7],"texture":"#all","cullface":"west"},
				"down":{"uv":[9,6,7,7],"rotation":90,"texture":"#all","cullface":"west"}
			}
		},
		{
			"from":[12,1,0],
			"to":[15,4,1],
			"faces":{
				"north":{"uv":[1,12,4,15],"texture":"#all","cullface":"north"},
				"west":{"uv":[3,12,4,15],"texture":"#all","cullface":"north"},
				"up":{"uv":[4,12,1,13],"texture":"#all","cullface":"north"}
			}
		},
		{
			"from":[1,1,0],
			"to":[4,4,1],
			"faces":{
				"north":{"uv":[12,12,15,15],"texture":"#all","cullface":"north"},
				"east":{"uv":[12,12,13,15],"texture":"#all","cullface":"north"},
				"up":{"uv":[15,12,12,13],"texture":"#all","cullface":"north"}
			}
		},
		{
			"from":[1,12,0],
			"to":[4,15,1],
			"faces":{
				"north":{"uv":[12,1,15,4],"texture":"#all","cullface":"north"},
				"east":{"uv":[12,1,13,4],"texture":"#all","cullface":"north"},
				"down":{"uv":[15,3,12,4],"texture":"#all","cullface":"north"}
			}
		},
		{
			"from":[12,12,0],
			"to":[15,15,1],
			"faces":{
				"north":{"uv":[1,1,4,4],"texture":"#all","cullface":"north"},
				"west":{"uv":[3,1,4,4],"texture":"#all","cullface":"north"},
				"down":{"uv":[4,3,1,4],"texture":"#all","cullface":"north"}
			}
		},
		{
			"from":[9,7,0],
			"to":[15,9,1],
			"faces":{
				"north":{"uv":[1,7,7,9],"texture":"#all","cullface":"north"},
				"west":{"uv":[6,7,7,9],"texture":"#all","cullface":"north"},
				"up":{"uv":[7,7,1,8],"texture":"#all","cullface":"north"},
				"down":{"uv":[7,8,1,9],"texture":"#all","cullface":"north"}
			}
		},
		{
			"from":[1,7,0],
			"to":[7,9,1],
			"faces":{
				"north":{"uv":[9,7,15,9],"texture":"#all","cullface":"north"},
				"east":{"uv":[9,7,10,9],"texture":"#all","cullface":"north"},
				"up":{"uv":[15,7,9,8],"texture":"#all","cullface":"north"},
				"down":{"uv":[15,8,9,9],"texture":"#all","cullface":"north"}
			}
		},
		{
			"from":[7,1,0],
			"to":[9,7,1],
			"faces":{
				"north":{"uv":[7,9,9,15],"texture":"#all","cullface":"north"},
				"east":{"uv":[7,9,8,15],"texture":"#all","cullface":"north"},
				"west":{"uv":[8,9,9,15],"texture":"#all","cullface":"north"},
				"up":{"uv":[9,9,7,10],"texture":"#all","cullface":"north"}
			}
		},
		{
			"from":[7,9,0],
			"to":[9,15,1],
			"faces":{
				"north":{"uv":[7,1,9,7],"texture":"#all","cullface":"north"},
				"east":{"uv":[7,1,8,7],"texture":"#all","cullface":"north"},
				"west":{"uv":[8,1,9,7],"texture":"#all","cullface":"north"},
				"down":{"uv":[9,6,7,7],"texture":"#all","cullface":"north"}
			}
		},
		{
			"from":[7,9,15],
			"to":[9,15,16],
			"faces":{
				"east":{"uv":[9,1,8,7],"texture":"#all","cullface":"south"},
				"south":{"uv":[7,1,9,7],"texture":"#all","cullface":"north"},
				"west":{"uv":[7,1,8,7],"texture":"#all","cullface":"south"},
				"down":{"uv":[7,6,9,7],"texture":"#all","cullface":"south"}
			}
		},
		{
			"from":[1,1,15],
			"to":[4,4,16],
			"faces":{
				"east":{"uv":[4,12,3,15],"texture":"#all","cullface":"south"},
				"south":{"uv":[1,12,4,15],"texture":"#all","cullface":"south"},
				"up":{"uv":[1,12,4,13],"texture":"#all","cullface":"south"}
			}
		},
		{
			"from":[1,12,15],
			"to":[4,15,16],
			"faces":{
				"east":{"uv":[4,1,3,4],"texture":"#all","cullface":"south"},
				"south":{"uv":[1,1,4,4],"texture":"#all","cullface":"south"},
				"down":{"uv":[1,3,4,4],"texture":"#all","cullface":"south"}
			}
		},
		{
			"from":[12,12,15],
			"to":[15,15,16],
			"faces":{
				"south":{"uv":[12,1,15,4],"texture":"#all","cullface":"south"},
				"west":{"uv":[12,1,13,4],"texture":"#all","cullface":"south"},
				"down":{"uv":[12,3,15,4],"texture":"#all","cullface":"south"}
			}
		},
		{
			"from":[9,7,15],
			"to":[15,9,16],
			"faces":{
				"south":{"uv":[9,7,15,9],"texture":"#all","cullface":"south"},
				"west":{"uv":[9,7,10,9],"texture":"#all","cullface":"south"},
				"up":{"uv":[9,7,15,8],"texture":"#all","cullface":"south"},
				"down":{"uv":[9,8,15,9],"texture":"#all","cullface":"south"}
			}
		},
		{
			"from":[1,7,15],
			"to":[7,9,16],
			"faces":{
				"east":{"uv":[7,7,6,9],"texture":"#all","cullface":"south"},
				"south":{"uv":[1,7,7,9],"texture":"#all","cullface":"south"},
				"up":{"uv":[1,7,7,8],"texture":"#all","cullface":"south"},
				"down":{"uv":[1,8,7,9],"texture":"#all","cullface":"south"}
			}
		},
		{
			"from":[7,1,15],
			"to":[9,7,16],
			"faces":{
				"east":{"uv":[8,9,9,15],"texture":"#all","cullface":"south"},
				"south":{"uv":[7,9,9,15],"texture":"#all","cullface":"south"},
				"west":{"uv":[7,9,8,15],"texture":"#all","cullface":"south"},
				"up":{"uv":[7,9,9,10],"texture":"#all","cullface":"south"}
			}
		},
		{
			"from":[12,1,15],
			"to":[15,4,16],
			"faces":{
				"south":{"uv":[12,12,15,15],"texture":"#all","cullface":"south"},
				"west":{"uv":[12,12,13,15],"texture":"#all","cullface":"south"},
				"up":{"uv":[12,12,15,13],"texture":"#all","cullface":"south"}
			}
		},
		{
			"from":[15,12,1],
			"to":[16,15,4],
			"faces":{
				"east":{"uv":[12,1,15,4],"texture":"#all","cullface":"east"},
				"south":{"uv":[12,1,13,4],"texture":"#all","cullface":"east"},
				"down":{"uv":[12,3,15,4],"rotation":90,"texture":"#all","cullface":"east"}
			}
		},
		{
			"from":[15,12,12],
			"to":[16,15,15],
			"faces":{
				"north":{"uv":[3,1,4,4],"texture":"#all","cullface":"east"},
				"east":{"uv":[1,1,4,4],"texture":"#all","cullface":"east"},
				"down":{"uv":[1,3,4,4],"rotation":90,"texture":"#all","cullface":"east"}
			}
		},
		{
			"from":[15,9,7],
			"to":[16,15,9],
			"faces":{
				"north":{"uv":[8,1,9,7],"texture":"#all","cullface":"east"},
				"east":{"uv":[7,1,9,7],"texture":"#all","cullface":"east"},
				"south":{"uv":[7,1,8,7],"texture":"#all","cullface":"east"},
				"down":{"uv":[7,6,9,7],"rotation":90,"texture":"#all","cullface":"east"}
			}
		},
		{
			"from":[15,7,9],
			"to":[16,9,15],
			"faces":{
				"north":{"uv":[6,7,7,9],"texture":"#all","cullface":"east"},
				"east":{"uv":[1,7,7,9],"texture":"#all","cullface":"east"},
				"up":{"uv":[1,7,7,8],"rotation":270,"texture":"#all","cullface":"east"},
				"down":{"uv":[1,8,7,9],"rotation":90,"texture":"#all","cullface":"east"}
			}
		},
		{
			"from":[15,7,1],
			"to":[16,9,7],
			"faces":{
				"east":{"uv":[9,7,15,9],"texture":"#all","cullface":"east"},
				"south":{"uv":[9,7,10,9],"texture":"#all","cullface":"east"},
				"up":{"uv":[9,7,15,8],"rotation":270,"texture":"#all","cullface":"east"},
				"down":{"uv":[9,8,15,9],"rotation":90,"texture":"#all","cullface":"east"}
			}
		},
		{
			"from":[15,1,7],
			"to":[16,7,9],
			"faces":{
				"north":{"uv":[9,9,8,15],"texture":"#all","cullface":"east"},
				"east":{"uv":[7,9,9,15],"texture":"#all","cullface":"east"},
				"south":{"uv":[7,9,8,15],"texture":"#all","cullface":"east"},
				"up":{"uv":[7,9,9,10],"rotation":270,"texture":"#all","cullface":"east"}
			}
		},
		{
			"from":[15,1,12],
			"to":[16,4,15],
			"faces":{
				"north":{"uv":[3,12,4,15],"texture":"#all","cullface":"east"},
				"east":{"uv":[1,12,4,15],"texture":"#all","cullface":"east"},
				"up":{"uv":[1,12,4,13],"rotation":270,"texture":"#all","cullface":"east"}
			}
		},
		{
			"from":[15,1,1],
			"to":[16,4,4],
			"faces":{
				"east":{"uv":[12,12,15,15],"texture":"#all","cullface":"east"},
				"south":{"uv":[12,12,13,15],"texture":"#all","cullface":"east"},
				"up":{"uv":[12,12,15,13],"rotation":270,"texture":"#all","cullface":"east"}
			}
		},
		{
			"from":[1,15,12],
			"to":[4,16,15],
			"faces":{
				"north":{"uv":[4,12,1,13],"texture":"#all","cullface":"up"},
				"east":{"uv":[3,12,4,15],"rotation":90,"texture":"#all","cullface":"up"},
				"up":{"uv":[1,12,4,15],"texture":"#all","cullface":"up"}
			}
		},
		{
			"from":[1,15,1],
			"to":[4,16,4],
			"faces":{
				"east":{"uv":[3,1,4,4],"rotation":90,"texture":"#all","cullface":"up"},
				"south":{"uv":[1,3,4,4],"texture":"#all","cullface":"up"},
				"up":{"uv":[1,1,4,4],"texture":"#all","cullface":"up"}
			}
		},
		{
			"from":[12,15,1],
			"to":[15,16,4],
			"faces":{
				"south":{"uv":[12,3,15,4],"texture":"#all","cullface":"up"},
				"west":{"uv":[12,1,13,4],"rotation":270,"texture":"#all","cullface":"up"},
				"up":{"uv":[12,1,15,4],"texture":"#all","cullface":"up"}
			}
		},
		{
			"from":[12,15,12],
			"to":[15,16,15],
			"faces":{
				"north":{"uv":[15,12,12,13],"texture":"#all","cullface":"up"},
				"west":{"uv":[12,12,13,15],"rotation":270,"texture":"#all","cullface":"up"},
				"up":{"uv":[12,12,15,15],"texture":"#all","cullface":"up"}
			}
		},
		{
			"from":[7,15,9],
			"to":[9,16,15],
			"faces":{
				"north":{"uv":[9,9,7,10],"texture":"#all","cullface":"up"},
				"east":{"uv":[9,9,8,15],"rotation":90,"texture":"#all","cullface":"up"},
				"west":{"uv":[7,9,8,15],"rotation":270,"texture":"#all","cullface":"up"},
				"up":{"uv":[7,9,9,15],"texture":"#all","cullface":"up"}
			}
		},
		{
			"from":[7,15,1],
			"to":[9,16,7],
			"faces":{
				"east":{"uv":[8,1,9,7],"rotation":90,"texture":"#all","cullface":"up"},
				"south":{"uv":[7,6,9,7],"texture":"#all","cullface":"up"},
				"west":{"uv":[7,1,8,7],"rotation":270,"texture":"#all","cullface":"up"},
				"up":{"uv":[7,1,9,7],"texture":"#all","cullface":"up"}
			}
		},
		{
			"from":[1,15,7],
			"to":[7,16,9],
			"faces":{
				"north":{"uv":[7,7,1,8],"texture":"#all","cullface":"up"},
				"east":{"uv":[6,7,7,9],"rotation":90,"texture":"#all","cullface":"up"},
				"south":{"uv":[1,8,7,9],"texture":"#all","cullface":"up"},
				"up":{"uv":[1,7,7,9],"texture":"#all","cullface":"up"}
			}
		},
		{
			"from":[9,15,7],
			"to":[15,16,9],
			"faces":{
				"north":{"uv":[15,7,9,8],"texture":"#all","cullface":"up"},
				"south":{"uv":[9,8,15,9],"texture":"#all","cullface":"up"},
				"west":{"uv":[9,7,10,9],"rotation":270,"texture":"#all","cullface":"up"},
				"up":{"uv":[9,7,15,9],"texture":"#all","cullface":"up"}
			}
		},
		{
			"from":[1,0,12],
			"to":[4,1,15],
			"faces":{
				"north":{"uv":[4,3,1,4],"texture":"#all","cullface":"down"},
				"east":{"uv":[4,1,3,4],"rotation":270,"texture":"#all","cullface":"down"},
				"down":{"uv":[1,1,4,4],"texture":"#all","cullface":"down"}
			}
		},
		{
			"from":[7,0,9],
			"to":[9,1,15],
			"faces":{
				"north":{"uv":[9,6,7,7],"texture":"#all","cullface":"down"},
				"east":{"uv":[9,1,8,7],"rotation":270,"texture":"#all","cullface":"down"},
				"west":{"uv":[7,1,8,7],"rotation":90,"texture":"#all","cullface":"down"},
				"down":{"uv":[7,1,9,7],"texture":"#all","cullface":"down"}
			}
		},
		{
			"from":[1,0,7],
			"to":[7,1,9],
			"faces":{
				"north":{"uv":[7,8,1,9],"texture":"#all","cullface":"down"},
				"east":{"uv":[7,7,6,9],"rotation":270,"texture":"#all","cullface":"down"},
				"south":{"uv":[1,7,7,8],"texture":"#all","cullface":"down"},
				"down":{"uv":[1,7,7,9],"texture":"#all","cullface":"down"}
			}
		},
		{
			"from":[9,0,7],
			"to":[15,1,9],
			"faces":{
				"north":{"uv":[15,8,9,9],"texture":"#all","cullface":"down"},
				"south":{"uv":[9,7,15,8],"texture":"#all","cullface":"down"},
				"west":{"uv":[9,7,10,9],"rotation":90,"texture":"#all","cullface":"down"},
				"down":{"uv":[9,7,15,9],"texture":"#all","cullface":"down"}
			}
		},
		{
			"from":[7,0,1],
			"to":[9,1,7],
			"faces":{
				"east":{"uv":[8,9,9,15],"rotation":270,"texture":"#all","cullface":"down"},
				"south":{"uv":[7,9,9,10],"texture":"#all","cullface":"down"},
				"west":{"uv":[7,9,8,15],"rotation":90,"texture":"#all","cullface":"down"},
				"down":{"uv":[7,9,9,15],"texture":"#all","cullface":"down"}
			}
		},
		{
			"from":[1,0,1],
			"to":[4,1,4],
			"faces":{
				"east":{"uv":[4,12,3,15],"rotation":270,"texture":"#all","cullface":"down"},
				"south":{"uv":[1,12,4,13],"texture":"#all","cullface":"down"},
				"down":{"uv":[1,12,4,15],"texture":"#all","cullface":"down"}
			}
		},
		{
			"from":[12,0,1],
			"to":[15,1,4],
			"faces":{
				"south":{"uv":[12,12,15,13],"texture":"#all","cullface":"down"},
				"west":{"uv":[12,12,13,15],"rotation":90,"texture":"#all","cullface":"down"},
				"down":{"uv":[12,12,15,15],"texture":"#all","cullface":"down"}
			}
		},
		{
			"from":[12,0,12],
			"to":[15,1,15],
			"faces":{
				"north":{"uv":[15,3,12,4],"texture":"#all","cullface":"down"},
				"west":{"uv":[12,1,13,4],"rotation":90,"texture":"#all","cullface":"down"},
				"down":{"uv":[12,1,15,4],"texture":"#all","cullface":"down"}
			}
		}
	]
}