{
	"__comment":"Possible by KarBo_",
	"ambientocclusion":false,
	"textures":{
		"particle":"block/copper_trapdoor",
		"texture":"block/copper_trapdoor",
		"texture1":"block/copper_trapdoor1",
		"texture2":"block/copper_trapdoor2"
	},
	"elements":[
		{
			"from":[13,0,13],
			"to":[16,16,16],
			"faces":{
				"north":{"uv":[16,0,13,16],"texture":"#texture"},
				"east":{"uv":[0,6,16,3],"rotation":270,"texture":"#texture1","cullface":"east"},
				"south":{"uv":[13,0,16,16],"texture":"#texture","cullface":"south"},
				"west":{"uv":[16,3,0,6],"rotation":90,"texture":"#texture2"},
				"up":{"uv":[16,3,13,0],"rotation":180,"texture":"#texture1","cullface":"up"},
				"down":{"uv":[13,16,16,13],"texture":"#texture1","cullface":"down"}
			}
		},
		{
			"from":[0,0,13],
			"to":[3,16,16],
			"faces":{
				"north":{"uv":[3,0,0,16],"texture":"#texture"},
				"east":{"uv":[0,10,16,13],"rotation":270,"texture":"#texture2"},
				"south":{"uv":[0,0,3,16],"texture":"#texture","cullface":"south"},
				"west":{"uv":[16,10,0,13],"rotation":90,"texture":"#texture1","cullface":"west"},
				"up":{"uv":[0,3,3,0],"rotation":180,"texture":"#texture1","cullface":"up"},
				"down":{"uv":[0,13,3,16],"texture":"#texture1","cullface":"down"}
			}
		},
		{
			"from":[3,13,13],
			"to":[13,16,16],
			"faces":{
				"north":{"uv":[13,0,3,3],"texture":"#texture"},
				"south":{"uv":[3,0,13,3],"texture":"#texture","cullface":"south"},
				"up":{"uv":[13,0,3,3],"rotation":180,"texture":"#texture1","cullface":"up"},
				"down":{"uv":[3,0,13,3],"texture":"#texture2"}
			}
		},
		{
			"from":[3,0,13],
			"to":[13,3,16],
			"faces":{
				"north":{"uv":[13,13,3,16],"texture":"#texture"},
				"south":{"uv":[3,13,13,16],"texture":"#texture","cullface":"south"},
				"up":{"uv":[13,13,3,16],"rotation":180,"texture":"#texture2"},
				"down":{"uv":[3,13,13,16],"texture":"#texture1","cullface":"down"}
			}
		},
		{
			"from":[2.01,12.01,12.5],
			"to":[3.99,13.99,16.5],
			"faces":{
				"north":{"uv":[4,2,2,4],"texture":"#texture"},
				"east":{"uv":[3,2,4,4],"texture":"#texture"},
				"south":{"uv":[2,2,4,4],"texture":"#texture","cullface":"south"},
				"west":{"uv":[2,4,3,2],"rotation":180,"texture":"#texture"},
				"up":{"uv":[4,2,2,3],"rotation":180,"texture":"#texture"},
				"down":{"uv":[2,3,4,4],"texture":"#texture"}
			}
		},
		{
			"from":[12.01,12.01,12.5],
			"to":[13.99,13.99,16.5],
			"faces":{
				"north":{"uv":[14,2,12,4],"texture":"#texture"},
				"east":{"uv":[13,2,14,4],"texture":"#texture"},
				"south":{"uv":[12,2,14,4],"texture":"#texture","cullface":"south"},
				"west":{"uv":[12,4,13,2],"rotation":180,"texture":"#texture"},
				"up":{"uv":[14,2,12,3],"rotation":180,"texture":"#texture"},
				"down":{"uv":[12,3,14,4],"texture":"#texture"}
			}
		},
		{
			"from":[12.01,2.01,12.5],
			"to":[13.99,3.99,16.5],
			"faces":{
				"north":{"uv":[14,12,12,14],"texture":"#texture"},
				"east":{"uv":[13,12,14,14],"texture":"#texture"},
				"south":{"uv":[12,12,14,14],"texture":"#texture","cullface":"south"},
				"west":{"uv":[12,14,13,12],"rotation":180,"texture":"#texture"},
				"up":{"uv":[14,12,12,13],"rotation":180,"texture":"#texture"},
				"down":{"uv":[12,13,14,14],"texture":"#texture"}
			}
		},
		{
			"from":[2.01,2.01,12.5],
			"to":[3.99,3.99,16.5],
			"faces":{
				"north":{"uv":[4,12,2,14],"texture":"#texture"},
				"east":{"uv":[3,12,4,14],"texture":"#texture"},
				"south":{"uv":[2,12,4,14],"texture":"#texture","cullface":"south"},
				"west":{"uv":[2,14,3,12],"rotation":180,"texture":"#texture"},
				"up":{"uv":[4,12,2,13],"rotation":180,"texture":"#texture"},
				"down":{"uv":[2,13,4,14],"texture":"#texture"}
			}
		},
		{
			"from":[3,11,15.5],
			"to":[5,13,16],
			"faces":{
				"north":{"uv":[5,3,3,5],"texture":"#texture"},
				"east":{"uv":[4,3,5,5],"texture":"#texture"},
				"south":{"uv":[3,3,5,5],"texture":"#texture","cullface":"south"},
				"down":{"uv":[3,4,5,5],"texture":"#texture"}
			}
		},
		{
			"from":[11,11,15.5],
			"to":[13,13,16],
			"faces":{
				"north":{"uv":[13,3,11,5],"texture":"#texture"},
				"south":{"uv":[11,3,13,5],"texture":"#texture","cullface":"south"},
				"west":{"uv":[11,3,12,5],"texture":"#texture"},
				"down":{"uv":[11,4,13,5],"texture":"#texture"}
			}
		},
		{
			"from":[5,11,15.5],
			"to":[6,12,16],
			"faces":{
				"north":{"uv":[6,5,5,4],"texture":"#texture"},
				"east":{"uv":[5,4,6,5],"texture":"#texture"},
				"south":{"uv":[5,4,6,5],"texture":"#texture","cullface":"south"},
				"up":{"uv":[5,4,6,5],"rotation":180,"texture":"#texture"}
			}
		},
		{
			"from":[10,11,15.5],
			"to":[11,12,16],
			"faces":{
				"north":{"uv":[11,5,10,4],"texture":"#texture"},
				"south":{"uv":[10,4,11,5],"texture":"#texture","cullface":"south"},
				"west":{"uv":[10,5,11,4],"texture":"#texture"},
				"up":{"uv":[10,4,11,5],"rotation":180,"texture":"#texture"}
			}
		},
		{
			"from":[4,10,15.5],
			"to":[7,11,16],
			"faces":{
				"north":{"uv":[7,6,4,5],"texture":"#texture"},
				"east":{"uv":[6,5,7,6],"texture":"#texture"},
				"south":{"uv":[4,5,7,6],"texture":"#texture","cullface":"south"},
				"west":{"uv":[4,6,5,5],"texture":"#texture"},
				"up":{"uv":[7,5,4,6],"rotation":180,"texture":"#texture"},
				"down":{"uv":[4,5,7,6],"texture":"#texture"}
			}
		},
		{
			"from":[9,10,15.5],
			"to":[12,11,16],
			"faces":{
				"north":{"uv":[12,6,9,5],"texture":"#texture"},
				"east":{"uv":[11,5,12,6],"texture":"#texture"},
				"south":{"uv":[9,5,12,6],"texture":"#texture","cullface":"south"},
				"west":{"uv":[9,6,10,5],"texture":"#texture"},
				"up":{"uv":[12,5,9,6],"rotation":180,"texture":"#texture"},
				"down":{"uv":[9,5,12,6],"texture":"#texture"}
			}
		},
		{
			"from":[5,9,15.5],
			"to":[11,10,16],
			"faces":{
				"north":{"uv":[11,7,5,6],"texture":"#texture"},
				"east":{"uv":[10,6,11,7],"texture":"#texture"},
				"south":{"uv":[5,6,11,7],"texture":"#texture","cullface":"south"},
				"west":{"uv":[5,7,6,6],"texture":"#texture"},
				"up":{"uv":[11,6,5,7],"rotation":180,"texture":"#texture"},
				"down":{"uv":[5,6,11,7],"texture":"#texture"}
			}
		},
		{
			"from":[5,6,15.5],
			"to":[11,7,16],
			"faces":{
				"north":{"uv":[11,10,5,9],"texture":"#texture"},
				"east":{"uv":[10,9,11,10],"texture":"#texture"},
				"south":{"uv":[5,9,11,10],"texture":"#texture","cullface":"south"},
				"west":{"uv":[5,10,6,9],"texture":"#texture"},
				"up":{"uv":[11,9,5,10],"rotation":180,"texture":"#texture"},
				"down":{"uv":[5,9,11,10],"texture":"#texture"}
			}
		},
		{
			"from":[9,5,15.5],
			"to":[12,6,16],
			"faces":{
				"north":{"uv":[12,11,9,10],"texture":"#texture"},
				"east":{"uv":[11,10,12,11],"texture":"#texture"},
				"south":{"uv":[9,10,12,11],"texture":"#texture","cullface":"south"},
				"west":{"uv":[9,11,10,10],"texture":"#texture"},
				"up":{"uv":[12,10,9,11],"rotation":180,"texture":"#texture"},
				"down":{"uv":[9,10,12,11],"texture":"#texture"}
			}
		},
		{
			"from":[11,3,15.5],
			"to":[13,5,16],
			"faces":{
				"north":{"uv":[13,11,11,13],"texture":"#texture"},
				"south":{"uv":[11,11,13,13],"texture":"#texture","cullface":"south"},
				"west":{"uv":[11,11,12,13],"texture":"#texture"},
				"up":{"uv":[13,11,11,12],"rotation":180,"texture":"#texture"}
			}
		},
		{
			"from":[10,4,15.5],
			"to":[11,5,16],
			"faces":{
				"north":{"uv":[11,12,10,11],"texture":"#texture"},
				"south":{"uv":[10,11,11,12],"texture":"#texture","cullface":"south"},
				"west":{"uv":[10,12,11,11],"texture":"#texture"},
				"down":{"uv":[10,11,11,12],"texture":"#texture"}
			}
		},
		{
			"from":[4,5,15.5],
			"to":[7,6,16],
			"faces":{
				"north":{"uv":[7,11,4,10],"texture":"#texture"},
				"east":{"uv":[6,10,7,11],"texture":"#texture"},
				"south":{"uv":[4,10,7,11],"texture":"#texture","cullface":"south"},
				"west":{"uv":[4,11,5,10],"texture":"#texture"},
				"up":{"uv":[7,10,4,11],"rotation":180,"texture":"#texture"},
				"down":{"uv":[4,10,7,11],"texture":"#texture"}
			}
		},
		{
			"from":[3,3,15.5],
			"to":[5,5,16],
			"faces":{
				"north":{"uv":[5,11,3,13],"texture":"#texture"},
				"east":{"uv":[4,11,5,13],"texture":"#texture"},
				"south":{"uv":[3,11,5,13],"texture":"#texture","cullface":"south"},
				"up":{"uv":[5,11,3,12],"rotation":180,"texture":"#texture"}
			}
		},
		{
			"from":[5,4,15.5],
			"to":[6,5,16],
			"faces":{
				"north":{"uv":[6,12,5,11],"texture":"#texture"},
				"east":{"uv":[5,11,6,12],"texture":"#texture"},
				"south":{"uv":[5,11,6,12],"texture":"#texture","cullface":"south"},
				"down":{"uv":[5,11,6,12],"texture":"#texture"}
			}
		},
		{
			"from":[6,7,15.5],
			"to":[7,9,16],
			"faces":{
				"north":{"uv":[7,7,6,9],"texture":"#texture"},
				"east":{"uv":[6,7,7,9],"texture":"#texture"},
				"south":{"uv":[6,7,7,9],"texture":"#texture","cullface":"south"},
				"west":{"uv":[6,7,7,9],"texture":"#texture"}
			}
		},
		{
			"from":[9,7,15.5],
			"to":[10,9,16],
			"faces":{
				"north":{"uv":[10,7,9,9],"texture":"#texture"},
				"east":{"uv":[9,7,10,9],"texture":"#texture"},
				"south":{"uv":[9,7,10,9],"texture":"#texture","cullface":"south"},
				"west":{"uv":[9,7,10,9],"texture":"#texture"}
			}
		},
		{
			"from":[3,11,13],
			"to":[5,13,13.5],
			"faces":{
				"north":{"uv":[5,3,3,5],"texture":"#texture"},
				"east":{"uv":[4,3,5,5],"texture":"#texture"},
				"south":{"uv":[3,3,5,5],"texture":"#texture"},
				"down":{"uv":[3,4,5,5],"texture":"#texture"}
			}
		},
		{
			"from":[11,11,13],
			"to":[13,13,13.5],
			"faces":{
				"north":{"uv":[13,3,11,5],"texture":"#texture"},
				"south":{"uv":[11,3,13,5],"texture":"#texture"},
				"west":{"uv":[11,3,12,5],"texture":"#texture"},
				"down":{"uv":[11,4,13,5],"texture":"#texture"}
			}
		},
		{
			"from":[5,11,13],
			"to":[6,12,13.5],
			"faces":{
				"north":{"uv":[6,5,5,4],"texture":"#texture"},
				"east":{"uv":[5,4,6,5],"texture":"#texture"},
				"south":{"uv":[5,4,6,5],"texture":"#texture"},
				"up":{"uv":[5,4,6,5],"rotation":180,"texture":"#texture"}
			}
		},
		{
			"from":[10,11,13],
			"to":[11,12,13.5],
			"faces":{
				"north":{"uv":[11,5,10,4],"texture":"#texture"},
				"south":{"uv":[10,4,11,5],"texture":"#texture"},
				"west":{"uv":[10,5,11,4],"texture":"#texture"},
				"up":{"uv":[10,4,11,5],"rotation":180,"texture":"#texture"}
			}
		},
		{
			"from":[4,10,13],
			"to":[7,11,13.5],
			"faces":{
				"north":{"uv":[7,6,4,5],"texture":"#texture"},
				"east":{"uv":[6,5,7,6],"texture":"#texture"},
				"south":{"uv":[4,5,7,6],"texture":"#texture"},
				"west":{"uv":[4,6,5,5],"texture":"#texture"},
				"up":{"uv":[7,5,4,6],"rotation":180,"texture":"#texture"},
				"down":{"uv":[4,5,7,6],"texture":"#texture"}
			}
		},
		{
			"from":[9,10,13],
			"to":[12,11,13.5],
			"faces":{
				"north":{"uv":[12,6,9,5],"texture":"#texture"},
				"east":{"uv":[11,5,12,6],"texture":"#texture"},
				"south":{"uv":[9,5,12,6],"texture":"#texture"},
				"west":{"uv":[9,6,10,5],"texture":"#texture"},
				"up":{"uv":[12,5,9,6],"rotation":180,"texture":"#texture"},
				"down":{"uv":[9,5,12,6],"texture":"#texture"}
			}
		},
		{
			"from":[5,9,13],
			"to":[11,10,13.5],
			"faces":{
				"north":{"uv":[11,7,5,6],"texture":"#texture"},
				"east":{"uv":[10,6,11,7],"texture":"#texture"},
				"south":{"uv":[5,6,11,7],"texture":"#texture"},
				"west":{"uv":[5,7,6,6],"texture":"#texture"},
				"up":{"uv":[11,6,5,7],"rotation":180,"texture":"#texture"},
				"down":{"uv":[5,6,11,7],"texture":"#texture"}
			}
		},
		{
			"from":[5,6,13],
			"to":[11,7,13.5],
			"faces":{
				"north":{"uv":[11,10,5,9],"texture":"#texture"},
				"east":{"uv":[10,9,11,10],"texture":"#texture"},
				"south":{"uv":[5,9,11,10],"texture":"#texture"},
				"west":{"uv":[5,10,6,9],"texture":"#texture"},
				"up":{"uv":[11,9,5,10],"rotation":180,"texture":"#texture"},
				"down":{"uv":[5,9,11,10],"texture":"#texture"}
			}
		},
		{
			"from":[9,5,13],
			"to":[12,6,13.5],
			"faces":{
				"north":{"uv":[12,11,9,10],"texture":"#texture"},
				"east":{"uv":[11,10,12,11],"texture":"#texture"},
				"south":{"uv":[9,10,12,11],"texture":"#texture"},
				"west":{"uv":[9,11,10,10],"texture":"#texture"},
				"up":{"uv":[12,10,9,11],"rotation":180,"texture":"#texture"},
				"down":{"uv":[9,10,12,11],"texture":"#texture"}
			}
		},
		{
			"from":[11,3,13],
			"to":[13,5,13.5],
			"faces":{
				"north":{"uv":[13,11,11,13],"texture":"#texture"},
				"south":{"uv":[11,11,13,13],"texture":"#texture"},
				"west":{"uv":[11,11,12,13],"texture":"#texture"},
				"up":{"uv":[13,11,11,12],"rotation":180,"texture":"#texture"}
			}
		},
		{
			"from":[10,4,13],
			"to":[11,5,13.5],
			"faces":{
				"north":{"uv":[11,12,10,11],"texture":"#texture"},
				"south":{"uv":[10,11,11,12],"texture":"#texture"},
				"west":{"uv":[10,12,11,11],"texture":"#texture"},
				"down":{"uv":[10,11,11,12],"texture":"#texture"}
			}
		},
		{
			"from":[4,5,13],
			"to":[7,6,13.5],
			"faces":{
				"north":{"uv":[7,11,4,10],"texture":"#texture"},
				"east":{"uv":[6,10,7,11],"texture":"#texture"},
				"south":{"uv":[4,10,7,11],"texture":"#texture"},
				"west":{"uv":[4,11,5,10],"texture":"#texture"},
				"up":{"uv":[7,10,4,11],"rotation":180,"texture":"#texture"},
				"down":{"uv":[4,10,7,11],"texture":"#texture"}
			}
		},
		{
			"from":[3,3,13],
			"to":[5,5,13.5],
			"faces":{
				"north":{"uv":[5,11,3,13],"texture":"#texture"},
				"east":{"uv":[4,11,5,13],"texture":"#texture"},
				"south":{"uv":[3,11,5,13],"texture":"#texture"},
				"up":{"uv":[5,11,3,12],"rotation":180,"texture":"#texture"}
			}
		},
		{
			"from":[5,4,13],
			"to":[6,5,13.5],
			"faces":{
				"north":{"uv":[6,12,5,11],"texture":"#texture"},
				"east":{"uv":[5,11,6,12],"texture":"#texture"},
				"south":{"uv":[5,11,6,12],"texture":"#texture"},
				"down":{"uv":[5,11,6,12],"texture":"#texture"}
			}
		},
		{
			"from":[6,7,13],
			"to":[7,9,13.5],
			"faces":{
				"north":{"uv":[7,7,6,9],"texture":"#texture"},
				"east":{"uv":[6,7,7,9],"texture":"#texture"},
				"south":{"uv":[6,7,7,9],"texture":"#texture"},
				"west":{"uv":[6,7,7,9],"texture":"#texture"}
			}
		},
		{
			"from":[9,7,13],
			"to":[10,9,13.5],
			"faces":{
				"north":{"uv":[10,7,9,9],"texture":"#texture"},
				"east":{"uv":[9,7,10,9],"texture":"#texture"},
				"south":{"uv":[9,7,10,9],"texture":"#texture"},
				"west":{"uv":[9,7,10,9],"texture":"#texture"}
			}
		}
	]
}