{
	"__comment":"Possible by KarBo_",
	"ambientocclusion":false,
	"textures":{
		"particle":"#fan"
	},
	"elements":[
		{
			"from":[8,0,16],
			"to":[24,16,16],
			"shade":false,
			"rotation":{"angle":22.5,"axis":"y","origin":[8,0,16]},
			"faces":{
				"north":{"uv":[0,0,16,16],"rotation":270,"texture":"#fan"},
				"south":{"uv":[0,16,16,0],"rotation":270,"texture":"#fan"}
			}
		},
		{
			"from":[-8,0,16],
			"to":[8,16,16],
			"shade":false,
			"rotation":{"angle":-22.5,"axis":"y","origin":[8,0,16]},
			"faces":{
				"north":{"uv":[0,0,16,16],"rotation":90,"texture":"#fan"},
				"south":{"uv":[0,16,16,0],"rotation":90,"texture":"#fan"}
			}
		},
		{
			"from":[0,-8,16],
			"to":[16,8,16],
			"shade":false,
			"rotation":{"angle":22.5,"axis":"x","origin":[0,8,16]},
			"faces":{
				"north":{"uv":[16,16,0,0],"texture":"#fan"},
				"south":{"uv":[16,0,0,16],"rotation":180,"texture":"#fan"}
			}
		},
		{
			"from":[0,8,16],
			"to":[16,24,16],
			"shade":false,
			"rotation":{"angle":-22.5,"axis":"x","origin":[0,8,16]},
			"faces":{
				"north":{"uv":[0,0,16,16],"texture":"#fan"},
				"south":{"uv":[0,16,16,0],"rotation":180,"texture":"#fan"}
			}
		}
	]
}