{
	"__comment":"Possible by KarBo_",
	"ambientocclusion":false,
	"textures":{
		"top1":"block/crimson_door_top1",
		"particle":"block/crimson_door_top",
		"top":"block/crimson_door_top"
	},
	"elements":[
		{
			"from":[0,0,12],
			"to":[3,16,16],
			"faces":{
				"north":{"uv":[4,0,3,16],"texture":"#top"},
				"east":{"uv":[0,0,4,16],"texture":"#top"},
				"south":{"uv":[3,0,0,16],"texture":"#top1","cullface":"south"},
				"west":{"uv":[4,0,0,16],"texture":"#top","cullface":"west"},
				"up":{"uv":[7,4,10,0],"texture":"#top1","cullface":"up"}
			}
		},
		{
			"from":[0,0,5],
			"to":[3,15,11],
			"faces":{
				"north":{"uv":[11,1,10,16],"texture":"#top"},
				"east":{"uv":[5,1,11,16],"texture":"#top"},
				"south":{"uv":[6,1,5,16],"texture":"#top"},
				"west":{"uv":[11,1,5,16],"texture":"#top","cullface":"west"}
			}
		},
		{
			"from":[0,0,0],
			"to":[3,16,4],
			"faces":{
				"north":{"uv":[16,0,13,16],"texture":"#top1","cullface":"north"},
				"east":{"uv":[12,0,16,16],"texture":"#top"},
				"south":{"uv":[13,0,12,16],"texture":"#top"},
				"west":{"uv":[16,0,12,16],"texture":"#top","cullface":"west"},
				"up":{"uv":[7,16,10,12],"texture":"#top1","cullface":"up"}
			}
		},
		{
			"from":[0.5,0,4],
			"to":[2.5,15,12],
			"faces":{
				"east":{"uv":[4,1,12,16],"texture":"#top"},
				"west":{"uv":[12,1,4,16],"texture":"#top","cullface":"west"}
			}
		},
		{
			"from":[0,15,4],
			"to":[3,16,12],
			"faces":{
				"east":{"uv":[4,0,12,1],"texture":"#top"},
				"west":{"uv":[12,0,4,1],"texture":"#top","cullface":"west"},
				"up":{"uv":[7,12,10,4],"texture":"#top1","cullface":"up"},
				"down":{"uv":[4,0,12,1],"rotation":90,"texture":"#top"}
			}
		},
		{
			"from":[-0.49,6.01,0.01],
			"to":[3.49,10.99,15.99],
			"faces":{
				"north":{"uv":[16,5,15,10],"texture":"#top","cullface":"north"},
				"east":{"uv":[0,5,16,10],"texture":"#top"},
				"south":{"uv":[1,5,0,10],"texture":"#top","cullface":"south"},
				"west":{"uv":[16,5,0,10],"texture":"#top","cullface":"west"},
				"up":{"uv":[16,5,0,6],"rotation":90,"texture":"#top"},
				"down":{"uv":[0,9,16,10],"rotation":90,"texture":"#top"}
			}
		},
		{
			"from":[-0.99,0.01,2.01],
			"to":[0,1.99,4.99],
			"faces":{
				"north":{"uv":[6,14,5,16],"texture":"#top1","cullface":"west"},
				"east":{"uv":[3,14,6,16],"texture":"#top1","cullface":"west"},
				"south":{"uv":[4,14,3,16],"texture":"#top1","cullface":"east"},
				"west":{"uv":[6,14,3,16],"texture":"#top1","cullface":"west"},
				"up":{"uv":[6,14,3,15],"rotation":90,"texture":"#top1","cullface":"east"},
				"down":{"uv":[3,15,6,16],"rotation":90,"texture":"#top1","cullface":"west"}
			}
		},
		{
			"from":[3,0.01,2.01],
			"to":[3.99,1.99,4.99],
			"faces":{
				"north":{"uv":[6,14,5,16],"texture":"#top1"},
				"east":{"uv":[3,14,6,16],"texture":"#top1"},
				"south":{"uv":[4,14,3,16],"texture":"#top1"},
				"west":{"uv":[6,14,3,16],"texture":"#top1"},
				"up":{"uv":[6,14,3,15],"rotation":90,"texture":"#top1"},
				"down":{"uv":[3,15,6,16],"rotation":90,"texture":"#top1"}
			}
		}
	]
}