{"credit": "Made with Blockbench - Made by Ryan Garrett - Models are for Classic 3D Only", "parent": "block/door_inv", "textures": {"0": "block/dark_oak_door_bottom", "particle": "block/dark_oak_door_top", "1_0": "block/dark_oak_door_top"}, "elements": [{"from": [0, 0, 0], "to": [3, 16, 2], "faces": {"north": {"uv": [3, 0, 0, 16], "texture": "#0", "cullface": "north"}, "east": {"uv": [2, 0, 0, 16], "texture": "#0"}, "south": {"uv": [7, 0, 10, 16], "texture": "#0"}, "west": {"uv": [0, 0, 2, 16], "texture": "#0", "cullface": "west"}, "down": {"uv": [13, 14, 16, 16], "texture": "#0", "cullface": "down"}}}, {"from": [0, 0, 14], "to": [3, 16, 16], "faces": {"north": {"uv": [6, 0, 9, 16], "texture": "#0"}, "east": {"uv": [16, 0, 14, 16], "texture": "#0"}, "south": {"uv": [0, 0, 3, 16], "texture": "#0", "cullface": "south"}, "west": {"uv": [14, 0, 16, 16], "texture": "#0", "cullface": "west"}, "down": {"uv": [13, 0, 16, 2], "texture": "#0", "cullface": "down"}}}, {"from": [0, 2, 7], "to": [3, 15, 9], "faces": {"north": {"uv": [6, 1, 9, 14], "texture": "#0"}, "east": {"uv": [9, 1, 7, 14], "texture": "#0"}, "south": {"uv": [6, 1, 9, 14], "texture": "#0"}, "west": {"uv": [7, 1, 9, 14], "texture": "#0", "cullface": "west"}}}, {"from": [0, 15, 2], "to": [3, 16, 14], "faces": {"east": {"uv": [14, 0, 2, 1], "texture": "#0"}, "west": {"uv": [2, 0, 14, 1], "texture": "#0", "cullface": "west"}, "down": {"uv": [7, 2, 10, 14], "texture": "#0"}}}, {"from": [0.5, 2, 2], "to": [2.5, 15, 7], "faces": {"east": {"uv": [14, 1, 9, 14], "texture": "#0"}, "west": {"uv": [2, 1, 7, 14], "texture": "#0", "cullface": "west"}}}, {"from": [0.5, 2, 9], "to": [2.5, 15, 14], "faces": {"east": {"uv": [7, 1, 2, 14], "texture": "#0"}, "west": {"uv": [9, 1, 14, 14], "texture": "#0", "cullface": "west"}}}, {"from": [0, 0, 2], "to": [3, 2, 14], "faces": {"east": {"uv": [14, 14, 2, 16], "texture": "#0"}, "west": {"uv": [2, 14, 14, 16], "texture": "#0", "cullface": "west"}, "up": {"uv": [7, 2, 10, 14], "texture": "#0"}, "down": {"uv": [13, 2, 16, 14], "texture": "#0", "cullface": "down"}}}, {"from": [-0.25, 15.01, 11], "to": [0, 16.01, 12], "faces": {"north": {"uv": [11, 0, 12, 1], "texture": "#0", "cullface": "west"}, "south": {"uv": [11, 0, 12, 1], "texture": "#0", "cullface": "west"}, "west": {"uv": [11, 0, 12, 1], "texture": "#0", "cullface": "west"}, "down": {"uv": [11, 0, 12, 1], "texture": "#0", "cullface": "west"}}}, {"from": [3, 15.01, 11], "to": [3.25, 16.01, 12], "rotation": {"angle": 0, "axis": "y", "origin": [-5, 8, 8]}, "faces": {"north": {"uv": [12, 0, 11, 1], "texture": "#0"}, "east": {"uv": [12, 0, 11, 1], "texture": "#0"}, "south": {"uv": [12, 0, 11, 1], "texture": "#0"}, "down": {"uv": [12, 0, 11, 1], "texture": "#0"}}}, {"from": [0.01, 4, -0.25], "to": [1.01, 6, 0], "faces": {"north": {"uv": [1, 10, 0, 12], "texture": "#0", "cullface": "north"}, "east": {"uv": [1, 10, 0, 12], "texture": "#0", "cullface": "north"}, "west": {"uv": [1, 10, 0, 12], "texture": "#0", "cullface": "north"}, "up": {"uv": [0, 11, 1, 10], "rotation": 90, "texture": "#0", "cullface": "north"}, "down": {"uv": [0, 12, 1, 11], "rotation": 270, "texture": "#0", "cullface": "north"}}}, {"from": [0.01, 15, -0.25], "to": [1.01, 16, 0], "faces": {"north": {"uv": [1, 0, 0, 1], "texture": "#0", "cullface": "north"}, "east": {"uv": [1, 0, 0, 1], "texture": "#0", "cullface": "north"}, "west": {"uv": [1, 0, 0, 1], "texture": "#0", "cullface": "north"}, "down": {"uv": [0, 1, 1, 0], "rotation": 270, "texture": "#0", "cullface": "north"}}}, {"from": [3, 4, 0], "to": [3.25, 6, 1], "rotation": {"angle": 0, "axis": "y", "origin": [-5, 8, 8]}, "faces": {"north": {"uv": [1, 10, 0, 12], "texture": "#0"}, "east": {"uv": [1, 10, 0, 12], "texture": "#0"}, "south": {"uv": [1, 10, 0, 12], "texture": "#0"}, "up": {"uv": [1, 10, 0, 11], "texture": "#0"}, "down": {"uv": [1, 11, 0, 12], "texture": "#0"}}}, {"from": [3, 15, 0], "to": [3.25, 16, 1], "rotation": {"angle": 0, "axis": "y", "origin": [-5, 8, 8]}, "faces": {"north": {"uv": [1, 0, 0, 1], "texture": "#0"}, "east": {"uv": [1, 0, 0, 1], "texture": "#0"}, "south": {"uv": [1, 0, 0, 1], "texture": "#0"}, "down": {"uv": [1, 0, 0, 1], "texture": "#0"}}}, {"from": [0.01, 4, 16], "to": [1.01, 6, 16.25], "faces": {"east": {"uv": [0, 10, 1, 12], "texture": "#0", "cullface": "south"}, "south": {"uv": [0, 10, 1, 12], "texture": "#0", "cullface": "south"}, "west": {"uv": [0, 10, 1, 12], "texture": "#0", "cullface": "south"}, "up": {"uv": [1, 11, 0, 10], "rotation": 90, "texture": "#0", "cullface": "south"}, "down": {"uv": [1, 12, 0, 11], "rotation": 270, "texture": "#0", "cullface": "south"}}}, {"from": [0.01, 15, 16], "to": [1.01, 16, 16.25], "faces": {"east": {"uv": [0, 0, 1, 1], "texture": "#0", "cullface": "south"}, "south": {"uv": [0, 0, 1, 1], "texture": "#0", "cullface": "south"}, "west": {"uv": [0, 0, 1, 1], "texture": "#0", "cullface": "south"}, "down": {"uv": [1, 1, 0, 0], "rotation": 270, "texture": "#0", "cullface": "south"}}}, {"from": [-0.25, 4, 0], "to": [0, 6, 1], "faces": {"north": {"uv": [0, 10, 1, 12], "texture": "#0", "cullface": "west"}, "south": {"uv": [0, 10, 1, 12], "texture": "#0", "cullface": "west"}, "west": {"uv": [0, 10, 1, 12], "texture": "#0", "cullface": "west"}, "up": {"uv": [0, 10, 1, 11], "texture": "#0", "cullface": "west"}, "down": {"uv": [0, 11, 1, 12], "texture": "#0", "cullface": "west"}}}, {"from": [-0.25, 15, 0], "to": [0, 16, 1], "faces": {"north": {"uv": [0, 0, 1, 1], "texture": "#0", "cullface": "west"}, "south": {"uv": [0, 0, 1, 1], "texture": "#0", "cullface": "west"}, "west": {"uv": [0, 0, 1, 1], "texture": "#0", "cullface": "west"}, "down": {"uv": [0, 0, 1, 1], "texture": "#0", "cullface": "west"}}}, {"from": [0, 16, 0], "to": [3, 32, 2], "rotation": {"angle": 0, "axis": "y", "origin": [8, 24, 8]}, "faces": {"north": {"uv": [3, 0, 0, 16], "texture": "#1_0", "cullface": "north"}, "east": {"uv": [2, 0, 0, 16], "texture": "#1_0"}, "south": {"uv": [7, 0, 10, 16], "texture": "#0"}, "west": {"uv": [0, 0, 2, 16], "texture": "#1_0", "cullface": "west"}, "up": {"uv": [13, 0, 16, 2], "texture": "#0", "cullface": "up"}}}, {"from": [0.5, 17, 2], "to": [2.5, 30, 7], "rotation": {"angle": 0, "axis": "y", "origin": [8, 24, 8]}, "faces": {"east": {"uv": [14, 2, 9, 15], "texture": "#1_0"}, "west": {"uv": [2, 2, 7, 15], "texture": "#1_0", "cullface": "west"}}}, {"from": [0.5, 17, 9], "to": [2.5, 30, 14], "rotation": {"angle": 0, "axis": "y", "origin": [8, 24, 8]}, "faces": {"east": {"uv": [7, 2, 2, 15], "texture": "#1_0"}, "west": {"uv": [9, 2, 14, 15], "texture": "#1_0", "cullface": "west"}}}, {"from": [0, 16, 14], "to": [3, 32, 16], "rotation": {"angle": 0, "axis": "y", "origin": [8, 24, 8]}, "faces": {"north": {"uv": [7, 0, 10, 16], "texture": "#1_0"}, "east": {"uv": [16, 0, 14, 16], "texture": "#1_0"}, "south": {"uv": [0, 0, 3, 16], "texture": "#1_0", "cullface": "south"}, "west": {"uv": [14, 0, 16, 16], "texture": "#1_0", "cullface": "west"}, "up": {"uv": [13, 14, 16, 16], "texture": "#0", "cullface": "up"}}}, {"from": [0, 30, 2], "to": [3, 32, 14], "rotation": {"angle": 0, "axis": "y", "origin": [8, 24, 8]}, "faces": {"east": {"uv": [14, 0, 2, 2], "texture": "#1_0"}, "west": {"uv": [2, 0, 14, 2], "texture": "#1_0", "cullface": "west"}, "up": {"uv": [13, 2, 16, 14], "texture": "#0", "cullface": "up"}, "down": {"uv": [7, 3, 10, 15], "texture": "#1_0"}}}, {"from": [0, 16, 2], "to": [3, 17, 14], "rotation": {"angle": 0, "axis": "y", "origin": [8, 24, 8]}, "faces": {"east": {"uv": [14, 15, 2, 16], "texture": "#1_0"}, "west": {"uv": [2, 15, 14, 16], "texture": "#1_0", "cullface": "west"}, "up": {"uv": [7, 3, 10, 15], "texture": "#1_0"}}}, {"from": [0, 17, 7], "to": [3, 30, 9], "rotation": {"angle": 0, "axis": "y", "origin": [8, 24, 8]}, "faces": {"north": {"uv": [7, 3, 10, 15], "texture": "#1_0"}, "east": {"uv": [9, 2, 7, 15], "texture": "#1_0"}, "south": {"uv": [7, 3, 10, 15], "texture": "#1_0"}, "west": {"uv": [7, 2, 9, 15], "texture": "#1_0", "cullface": "west"}}}, {"from": [-0.25, 16, 11], "to": [0, 17, 14], "rotation": {"angle": 0, "axis": "y", "origin": [8, 24, 8]}, "faces": {"north": {"uv": [11, 15, 11.25, 16], "texture": "#1_0", "cullface": "west"}, "south": {"uv": [13, 15, 13.25, 16], "texture": "#1_0", "cullface": "west"}, "west": {"uv": [11, 15, 14, 16], "texture": "#1_0", "cullface": "west"}, "up": {"uv": [11, 15, 14, 15.25], "rotation": 90, "texture": "#1_0", "cullface": "west"}, "down": {"uv": [11, 15, 14, 15.25], "rotation": 270, "texture": "#1_0", "cullface": "west"}}}, {"from": [3, 16, 11], "to": [3.25, 17, 14], "rotation": {"angle": 0, "axis": "y", "origin": [8, 24, 8]}, "faces": {"north": {"uv": [11.25, 15, 11, 16], "texture": "#1_0"}, "east": {"uv": [14, 15, 11, 16], "texture": "#1_0"}, "south": {"uv": [13.25, 15, 13, 16], "texture": "#1_0"}, "up": {"uv": [11, 15.25, 14, 15], "rotation": 90, "texture": "#1_0"}, "down": {"uv": [11, 15.25, 14, 15], "rotation": 270, "texture": "#1_0", "cullface": "down"}}}, {"from": [-0.25, 16, 0], "to": [0, 17, 1], "rotation": {"angle": 0, "axis": "y", "origin": [8, 24, 8]}, "faces": {"north": {"uv": [0, 15, 1, 16], "texture": "#1_0", "cullface": "west"}, "south": {"uv": [0, 15, 1, 16], "texture": "#1_0", "cullface": "west"}, "west": {"uv": [0, 15, 1, 16], "texture": "#1_0", "cullface": "west"}, "up": {"uv": [0, 15, 1, 16], "texture": "#1_0", "cullface": "west"}}}, {"from": [-0.25, 26, 0], "to": [0, 28, 1], "rotation": {"angle": 0, "axis": "y", "origin": [8, 34, 8]}, "faces": {"north": {"uv": [0, 4, 1, 6], "texture": "#1_0", "cullface": "west"}, "south": {"uv": [0, 4, 1, 6], "texture": "#1_0", "cullface": "west"}, "west": {"uv": [0, 4, 1, 6], "texture": "#1_0", "cullface": "west"}, "up": {"uv": [0, 4, 1, 5], "texture": "#1_0", "cullface": "west"}, "down": {"uv": [0, 5, 1, 6], "texture": "#1_0", "cullface": "west"}}}, {"from": [0.01, 16, -0.25], "to": [1.01, 17, 0], "rotation": {"angle": 0, "axis": "y", "origin": [8, 24, 8]}, "faces": {"north": {"uv": [1, 15, 0, 16], "texture": "#1_0", "cullface": "north"}, "east": {"uv": [1, 15, 0, 16], "texture": "#1_0", "cullface": "north"}, "west": {"uv": [1, 15, 0, 16], "texture": "#1_0", "cullface": "north"}, "up": {"uv": [0, 16, 1, 15], "rotation": 90, "texture": "#1_0", "cullface": "north"}}}, {"from": [0.01, 26, -0.25], "to": [1.01, 28, 0], "rotation": {"angle": 0, "axis": "y", "origin": [8, 34, 8]}, "faces": {"north": {"uv": [1, 4, 0, 6], "texture": "#1_0", "cullface": "north"}, "east": {"uv": [1, 4, 0, 6], "texture": "#1_0", "cullface": "north"}, "west": {"uv": [1, 4, 0, 6], "texture": "#1_0", "cullface": "north"}, "up": {"uv": [0, 5, 1, 4], "rotation": 90, "texture": "#1_0", "cullface": "north"}, "down": {"uv": [0, 6, 1, 5], "rotation": 270, "texture": "#1_0"}}}, {"from": [0.01, 16, 16], "to": [1.01, 17, 16.25], "rotation": {"angle": 0, "axis": "y", "origin": [8, 24, 8]}, "faces": {"east": {"uv": [0, 15, 1, 16], "texture": "#1_0", "cullface": "south"}, "south": {"uv": [0, 15, 1, 16], "texture": "#1_0", "cullface": "south"}, "west": {"uv": [0, 15, 1, 16], "texture": "#1_0", "cullface": "south"}, "up": {"uv": [1, 16, 0, 15], "rotation": 90, "texture": "#1_0", "cullface": "south"}}}, {"from": [0.01, 26, 16], "to": [1.01, 28, 16.25], "rotation": {"angle": 0, "axis": "y", "origin": [8, 34, 8]}, "faces": {"east": {"uv": [0, 4, 1, 6], "texture": "#1_0", "cullface": "south"}, "south": {"uv": [0, 4, 1, 6], "texture": "#1_0", "cullface": "south"}, "west": {"uv": [0, 4, 1, 6], "texture": "#1_0", "cullface": "south"}, "up": {"uv": [1, 5, 0, 4], "rotation": 90, "texture": "#1_0", "cullface": "south"}, "down": {"uv": [1, 6, 0, 5], "rotation": 270, "texture": "#1_0", "cullface": "south"}}}, {"from": [3, 16, 0], "to": [3.25, 17, 1], "rotation": {"angle": 0, "axis": "y", "origin": [-5, 24, 8]}, "faces": {"north": {"uv": [1, 15, 0, 16], "texture": "#1_0", "cullface": "east"}, "east": {"uv": [1, 15, 0, 16], "texture": "#1_0", "cullface": "east"}, "south": {"uv": [1, 15, 0, 16], "texture": "#1_0", "cullface": "east"}, "up": {"uv": [1, 15, 0, 16], "texture": "#1_0", "cullface": "east"}}}, {"from": [3, 26, 0], "to": [3.25, 28, 1], "rotation": {"angle": 0, "axis": "y", "origin": [-5, 34, 8]}, "faces": {"north": {"uv": [1, 4, 0, 6], "texture": "#1_0", "cullface": "east"}, "east": {"uv": [1, 4, 0, 6], "texture": "#1_0", "cullface": "east"}, "south": {"uv": [1, 4, 0, 6], "texture": "#1_0", "cullface": "east"}, "up": {"uv": [1, 4, 0, 5], "texture": "#1_0", "cullface": "east"}, "down": {"uv": [1, 5, 0, 6], "texture": "#1_0", "cullface": "east"}}}], "groups": [0, 1, 2, 3, 4, 5, 6, 7, 8, {"name": "door_hinges_bottom", "origin": [8, 8, 8], "children": [{"name": "north", "origin": [8, 8, 8], "children": [9, 10]}, {"name": "east", "origin": [8, 8, 8], "children": [11, 12]}, {"name": "south", "origin": [8, 8, 8], "children": [13, 14]}, {"name": "west", "origin": [8, 8, 8], "children": [15, 16]}]}, {"name": "dark_oak_door_top", "origin": [8, 8, 8], "children": [17, 18, 19, 20, 21, 22, 23, 24, 25, {"name": "door_hinges_top", "origin": [8, 8, 8], "children": [{"name": "west", "origin": [8, 8, 8], "children": [26, 27]}, {"name": "north", "origin": [8, 8, 8], "children": [28, 29]}, {"name": "south", "origin": [8, 8, 8], "children": [30, 31]}, {"name": "east", "origin": [8, 8, 8], "children": [32, 33]}]}]}]}