{"credit": "Made with Blockbench - Made by Ryan Garrett - Models are for Classic 3D Only", "parent": "block/door_inv", "textures": {"bottom": "block/crimson_door_bottom", "particle": "block/crimson_door_top", "top": "block/crimson_door_top"}, "elements": [{"from": [0, 0, 0], "to": [3, 16, 16], "faces": {"north": {"uv": [3, 0, 0, 16], "texture": "#bottom", "cullface": "north"}, "east": {"uv": [16, 0, 0, 16], "texture": "#bottom"}, "south": {"uv": [0, 0, 3, 16], "texture": "#bottom", "cullface": "south"}, "west": {"uv": [0, 0, 16, 16], "texture": "#bottom", "cullface": "west"}, "down": {"uv": [13, 0, 16, 16], "texture": "#bottom", "cullface": "down"}}}, {"from": [-0.25, 6, 0], "to": [0, 11, 16], "faces": {"north": {"uv": [1, 5, 0, 10], "texture": "#bottom", "cullface": "west"}, "south": {"uv": [16, 5, 15, 10], "texture": "#bottom", "cullface": "west"}, "west": {"uv": [0, 5, 16, 10], "texture": "#bottom", "cullface": "west"}, "up": {"uv": [16, 5, 0, 6], "rotation": 270, "texture": "#bottom", "cullface": "west"}, "down": {"uv": [16, 9, 0, 10], "rotation": 90, "texture": "#bottom", "cullface": "west"}}}, {"from": [3, 6, 0], "to": [3.25, 11, 16], "faces": {"north": {"uv": [0, 5, 1, 10], "texture": "#bottom"}, "east": {"uv": [16, 5, 0, 10], "texture": "#bottom"}, "south": {"uv": [15, 5, 16, 10], "texture": "#bottom"}, "up": {"uv": [16, 6, 0, 5], "rotation": 270, "texture": "#bottom"}, "down": {"uv": [16, 10, 0, 9], "rotation": 90, "texture": "#bottom"}}}, {"from": [0.01, 6, -0.25], "to": [2.99, 11, 0], "faces": {"north": {"uv": [3, 5, 0, 10], "texture": "#bottom", "cullface": "north"}, "east": {"uv": [0, 5, 1, 10], "texture": "#bottom", "cullface": "north"}, "west": {"uv": [4, 5, 5, 10], "texture": "#bottom", "cullface": "north"}, "up": {"uv": [0, 5, 3, 6], "texture": "#bottom", "cullface": "north"}, "down": {"uv": [0, 9, 3, 10], "texture": "#bottom", "cullface": "north"}}}, {"from": [0.01, 6, 16], "to": [2.99, 11, 16.25], "faces": {"east": {"uv": [1, 5, 0, 10], "texture": "#bottom", "cullface": "south"}, "south": {"uv": [0, 5, 3, 10], "texture": "#bottom", "cullface": "south"}, "west": {"uv": [5, 5, 4, 10], "texture": "#bottom", "cullface": "south"}, "up": {"uv": [0, 6, 3, 5], "texture": "#bottom", "cullface": "south"}, "down": {"uv": [0, 10, 3, 9], "texture": "#bottom", "cullface": "south"}}}, {"from": [0.01, 4, -0.25], "to": [1.01, 6, 0], "faces": {"north": {"uv": [1, 10, 0, 12], "texture": "#bottom", "cullface": "north"}, "east": {"uv": [1, 10, 0, 12], "texture": "#bottom", "cullface": "north"}, "west": {"uv": [1, 10, 0, 12], "texture": "#bottom", "cullface": "north"}, "down": {"uv": [0, 12, 1, 11], "rotation": 270, "texture": "#bottom", "cullface": "north"}}}, {"from": [0.01, 15, -0.25], "to": [1.01, 16, 0], "faces": {"north": {"uv": [1, 0, 0, 1], "texture": "#bottom", "cullface": "north"}, "east": {"uv": [1, 0, 0, 1], "texture": "#bottom", "cullface": "north"}, "west": {"uv": [1, 0, 0, 1], "texture": "#bottom", "cullface": "north"}, "down": {"uv": [0, 1, 1, 0], "rotation": 270, "texture": "#bottom", "cullface": "north"}}}, {"from": [3, 4, 0], "to": [3.25, 6, 1], "rotation": {"angle": 0, "axis": "y", "origin": [-5, 8, 8]}, "faces": {"north": {"uv": [1, 10, 0, 12], "texture": "#bottom"}, "east": {"uv": [1, 10, 0, 12], "texture": "#bottom"}, "south": {"uv": [1, 10, 0, 12], "texture": "#bottom"}, "down": {"uv": [1, 11, 0, 12], "texture": "#bottom"}}}, {"from": [3, 15, 0], "to": [3.25, 16, 1], "rotation": {"angle": 0, "axis": "y", "origin": [-5, 8, 8]}, "faces": {"north": {"uv": [1, 0, 0, 1], "texture": "#bottom"}, "east": {"uv": [1, 0, 0, 1], "texture": "#bottom"}, "south": {"uv": [1, 0, 0, 1], "texture": "#bottom"}, "down": {"uv": [1, 0, 0, 1], "texture": "#bottom"}}}, {"from": [0.01, 4, 16], "to": [1.01, 6, 16.25], "faces": {"east": {"uv": [0, 10, 1, 12], "texture": "#bottom", "cullface": "south"}, "south": {"uv": [0, 10, 1, 12], "texture": "#bottom", "cullface": "south"}, "west": {"uv": [0, 10, 1, 12], "texture": "#bottom", "cullface": "south"}, "down": {"uv": [1, 12, 0, 11], "rotation": 270, "texture": "#bottom", "cullface": "south"}}}, {"from": [0.01, 15, 16], "to": [1.01, 16, 16.25], "faces": {"east": {"uv": [0, 0, 1, 1], "texture": "#bottom", "cullface": "south"}, "south": {"uv": [0, 0, 1, 1], "texture": "#bottom", "cullface": "south"}, "west": {"uv": [0, 0, 1, 1], "texture": "#bottom", "cullface": "south"}, "down": {"uv": [1, 1, 0, 0], "rotation": 270, "texture": "#bottom", "cullface": "south"}}}, {"from": [-0.25, 4, 0], "to": [0, 6, 1], "faces": {"north": {"uv": [0, 10, 1, 12], "texture": "#bottom", "cullface": "west"}, "south": {"uv": [0, 10, 1, 12], "texture": "#bottom", "cullface": "west"}, "west": {"uv": [0, 10, 1, 12], "texture": "#bottom", "cullface": "west"}, "down": {"uv": [0, 11, 1, 12], "texture": "#bottom", "cullface": "west"}}}, {"from": [-0.25, 15, 0], "to": [0, 16, 1], "faces": {"north": {"uv": [0, 0, 1, 1], "texture": "#bottom", "cullface": "west"}, "south": {"uv": [0, 0, 1, 1], "texture": "#bottom", "cullface": "west"}, "west": {"uv": [0, 0, 1, 1], "texture": "#bottom", "cullface": "west"}, "down": {"uv": [0, 0, 1, 1], "texture": "#bottom", "cullface": "west"}}}, {"from": [0, 16, 0], "to": [3, 32, 16], "rotation": {"angle": 0, "axis": "y", "origin": [8, 24, 8]}, "faces": {"north": {"uv": [3, 0, 0, 16], "texture": "#top", "cullface": "north"}, "east": {"uv": [16, 0, 0, 16], "texture": "#top"}, "south": {"uv": [0, 0, 3, 16], "texture": "#top", "cullface": "south"}, "west": {"uv": [0, 0, 16, 16], "texture": "#top", "cullface": "west"}, "up": {"uv": [13, 0, 16, 16], "texture": "#bottom", "cullface": "up"}}}, {"from": [3, 16, 11], "to": [3.25, 18, 14], "rotation": {"angle": 0, "axis": "y", "origin": [-5, 24, 8]}, "faces": {"north": {"uv": [12, 14, 11, 16], "texture": "#top"}, "east": {"uv": [14, 14, 11, 16], "texture": "#top"}, "south": {"uv": [14, 14, 13, 16], "texture": "#top"}, "up": {"uv": [11, 15, 14, 14], "rotation": 270, "texture": "#top"}, "down": {"uv": [11, 16, 14, 15], "rotation": 270, "texture": "#top"}}}, {"from": [-0.25, 16, 11], "to": [0, 18, 14], "rotation": {"angle": 0, "axis": "y", "origin": [8, 24, 8]}, "faces": {"north": {"uv": [11, 14, 12, 16], "texture": "#top", "cullface": "west"}, "south": {"uv": [13, 14, 14, 16], "texture": "#top", "cullface": "west"}, "west": {"uv": [11, 14, 14, 16], "texture": "#top", "cullface": "west"}, "up": {"uv": [11, 14, 14, 15], "rotation": 270, "texture": "#top", "cullface": "west"}, "down": {"uv": [11, 15, 14, 16], "rotation": 270, "texture": "#top", "cullface": "west"}}}, {"from": [-0.25, 17, 14], "to": [0, 18, 15], "rotation": {"angle": 0, "axis": "y", "origin": [8, 24, 8]}, "faces": {"south": {"uv": [14, 14, 15, 15], "texture": "#top", "cullface": "west"}, "west": {"uv": [14, 14, 15, 15], "texture": "#top", "cullface": "west"}, "up": {"uv": [14, 14, 15, 15], "texture": "#top", "cullface": "west"}, "down": {"uv": [14, 14, 15, 15], "texture": "#top", "cullface": "west"}}}, {"from": [3, 17, 14], "to": [3.25, 18, 15], "rotation": {"angle": 0, "axis": "y", "origin": [-5, 24, 8]}, "faces": {"east": {"uv": [15, 14, 14, 15], "texture": "#top"}, "south": {"uv": [15, 14, 14, 15], "texture": "#top"}, "up": {"uv": [15, 14, 14, 15], "texture": "#top"}, "down": {"uv": [15, 14, 14, 15], "texture": "#top"}}}, {"from": [3, 22, 0], "to": [3.25, 27, 16], "rotation": {"angle": 0, "axis": "y", "origin": [8, 24, 8]}, "faces": {"north": {"uv": [0, 5, 1, 10], "texture": "#top", "cullface": "north"}, "east": {"uv": [16, 5, 0, 10], "texture": "#top"}, "south": {"uv": [15, 5, 16, 10], "texture": "#top", "cullface": "south"}, "up": {"uv": [0, 5, 16, 6], "rotation": 90, "texture": "#top"}, "down": {"uv": [0, 9, 16, 10], "rotation": 270, "texture": "#top"}}}, {"from": [-0.25, 22, 0], "to": [0, 27, 16], "rotation": {"angle": 0, "axis": "y", "origin": [8, 24, 8]}, "faces": {"north": {"uv": [1, 5, 0, 10], "texture": "#top", "cullface": "west"}, "south": {"uv": [16, 5, 15, 10], "texture": "#top", "cullface": "west"}, "west": {"uv": [0, 5, 16, 10], "texture": "#top", "cullface": "west"}, "up": {"uv": [16, 5, 0, 6], "rotation": 270, "texture": "#top", "cullface": "west"}, "down": {"uv": [16, 9, 0, 10], "rotation": 90, "texture": "#top", "cullface": "west"}}}, {"from": [0.01, 22, -0.25], "to": [2.99, 27, 0], "rotation": {"angle": 0, "axis": "y", "origin": [8, 24, 8]}, "faces": {"north": {"uv": [3, 5, 0, 10], "texture": "#top", "cullface": "north"}, "east": {"uv": [2, 5, 3, 10], "texture": "#top", "cullface": "north"}, "west": {"uv": [0, 5, 1, 10], "texture": "#top", "cullface": "north"}, "up": {"uv": [0, 5, 3, 6], "texture": "#top", "cullface": "north"}, "down": {"uv": [0, 9, 3, 10], "texture": "#top", "cullface": "north"}}}, {"from": [0.01, 22, 16], "to": [2.99, 27, 16.25], "rotation": {"angle": 0, "axis": "y", "origin": [8, 24, 8]}, "faces": {"east": {"uv": [3, 5, 2, 10], "texture": "#top", "cullface": "south"}, "south": {"uv": [0, 5, 3, 10], "texture": "#top", "cullface": "south"}, "west": {"uv": [1, 5, 0, 10], "texture": "#top", "cullface": "south"}, "up": {"uv": [0, 6, 3, 5], "texture": "#top", "cullface": "south"}, "down": {"uv": [0, 10, 3, 9], "texture": "#top", "cullface": "south"}}}, {"from": [-0.25, 16, 0], "to": [0, 17, 1], "rotation": {"angle": 0, "axis": "y", "origin": [8, 24, 8]}, "faces": {"north": {"uv": [0, 15, 1, 16], "texture": "#top", "cullface": "west"}, "south": {"uv": [0, 15, 1, 16], "texture": "#top", "cullface": "west"}, "west": {"uv": [0, 15, 1, 16], "texture": "#top", "cullface": "west"}, "up": {"uv": [0, 15, 1, 16], "texture": "#top", "cullface": "west"}}}, {"from": [-0.25, 27, 0], "to": [0, 28, 1], "rotation": {"angle": 0, "axis": "y", "origin": [8, 34, 8]}, "faces": {"north": {"uv": [0, 4, 1, 5], "texture": "#top", "cullface": "west"}, "south": {"uv": [0, 4, 1, 5], "texture": "#top", "cullface": "west"}, "west": {"uv": [0, 4, 1, 5], "texture": "#top", "cullface": "west"}, "up": {"uv": [0, 4, 1, 5], "texture": "#top", "cullface": "west"}}}, {"from": [0.01, 16, -0.25], "to": [1.01, 17, 0], "rotation": {"angle": 0, "axis": "y", "origin": [8, 24, 8]}, "faces": {"north": {"uv": [1, 15, 0, 16], "texture": "#top", "cullface": "north"}, "east": {"uv": [1, 15, 0, 16], "texture": "#top", "cullface": "north"}, "west": {"uv": [1, 15, 0, 16], "texture": "#top", "cullface": "north"}, "up": {"uv": [0, 16, 1, 15], "rotation": 90, "texture": "#top", "cullface": "north"}}}, {"from": [0.01, 27, -0.25], "to": [1.01, 28, 0], "rotation": {"angle": 0, "axis": "y", "origin": [8, 34, 8]}, "faces": {"north": {"uv": [1, 4, 0, 5], "texture": "#top", "cullface": "north"}, "east": {"uv": [1, 4, 0, 5], "texture": "#top", "cullface": "north"}, "west": {"uv": [1, 4, 0, 5], "texture": "#top", "cullface": "north"}, "up": {"uv": [1, 4, 0, 5], "texture": "#top", "cullface": "north"}}}, {"from": [0.01, 16, 16], "to": [1.01, 17, 16.25], "rotation": {"angle": 0, "axis": "y", "origin": [8, 24, 8]}, "faces": {"east": {"uv": [0, 15, 1, 16], "texture": "#top", "cullface": "south"}, "south": {"uv": [0, 15, 1, 16], "texture": "#top", "cullface": "south"}, "west": {"uv": [0, 15, 1, 16], "texture": "#top", "cullface": "south"}, "up": {"uv": [1, 16, 0, 15], "rotation": 90, "texture": "#top", "cullface": "south"}}}, {"from": [0.01, 27, 16], "to": [1.01, 28, 16.25], "rotation": {"angle": 0, "axis": "y", "origin": [8, 34, 8]}, "faces": {"east": {"uv": [0, 4, 1, 5], "texture": "#top", "cullface": "south"}, "south": {"uv": [0, 4, 1, 5], "texture": "#top", "cullface": "south"}, "west": {"uv": [0, 4, 1, 5], "texture": "#top", "cullface": "south"}, "up": {"uv": [0, 4, 1, 5], "texture": "#top", "cullface": "south"}}}, {"from": [3, 16, 0], "to": [3.25, 17, 1], "rotation": {"angle": 0, "axis": "y", "origin": [-5, 24, 8]}, "faces": {"north": {"uv": [1, 15, 0, 16], "texture": "#top", "cullface": "east"}, "east": {"uv": [1, 15, 0, 16], "texture": "#top", "cullface": "east"}, "south": {"uv": [1, 15, 0, 16], "texture": "#top", "cullface": "east"}, "up": {"uv": [1, 15, 0, 16], "texture": "#top", "cullface": "east"}}}, {"from": [3, 27, 0], "to": [3.25, 28, 1], "rotation": {"angle": 0, "axis": "y", "origin": [-5, 34, 8]}, "faces": {"north": {"uv": [1, 4, 0, 5], "texture": "#top", "cullface": "east"}, "east": {"uv": [1, 4, 0, 5], "texture": "#top", "cullface": "east"}, "south": {"uv": [1, 4, 0, 5], "texture": "#top", "cullface": "east"}, "up": {"uv": [1, 4, 0, 5], "texture": "#top", "cullface": "east"}}}], "groups": [0, 1, 2, 3, 4, {"name": "door_hinges_bottom", "origin": [8, 8, 8], "children": [{"name": "north", "origin": [8, 8, 8], "children": [5, 6]}, {"name": "east", "origin": [8, 8, 8], "children": [7, 8]}, {"name": "south", "origin": [8, 8, 8], "children": [9, 10]}, {"name": "west", "origin": [8, 8, 8], "children": [11, 12]}]}, {"name": "crimson_door_top", "origin": [8, 8, 8], "children": [13, 14, 15, 16, 17, 18, 19, 20, 21, {"name": "door_hinges_top", "origin": [8, 8, 8], "children": [{"name": "west", "origin": [8, 8, 8], "children": [22, 23]}, {"name": "north", "origin": [8, 8, 8], "children": [24, 25]}, {"name": "south", "origin": [8, 8, 8], "children": [26, 27]}, {"name": "east", "origin": [8, 8, 8], "children": [28, 29]}]}]}]}