{"credit": "Made/edited by RyanGar46", "ambientocclusion": false, "textures": {"0": "block/dark_oak_door_top", "1": "block/dark_oak_door_bottom", "particle": "block/dark_oak_door_top"}, "elements": [{"from": [0, 0, 0], "to": [3, 16, 2], "faces": {"north": {"uv": [3, 0, 0, 16], "texture": "#0", "cullface": "north"}, "east": {"uv": [2, 0, 0, 16], "texture": "#0"}, "south": {"uv": [7, 0, 10, 16], "texture": "#1"}, "west": {"uv": [0, 0, 2, 16], "texture": "#0", "cullface": "west"}, "up": {"uv": [13, 0, 16, 2], "texture": "#1", "cullface": "up"}}}, {"from": [0.5, 1, 2], "to": [2.5, 14, 7], "faces": {"east": {"uv": [14, 2, 9, 15], "texture": "#0"}, "west": {"uv": [2, 2, 7, 15], "texture": "#0", "cullface": "west"}}}, {"from": [0.5, 1, 9], "to": [2.5, 14, 14], "faces": {"east": {"uv": [7, 2, 2, 15], "texture": "#0"}, "west": {"uv": [9, 2, 14, 15], "texture": "#0", "cullface": "west"}}}, {"from": [0, 0, 14], "to": [3, 16, 16], "faces": {"north": {"uv": [7, 0, 10, 16], "texture": "#0"}, "east": {"uv": [16, 0, 14, 16], "texture": "#0"}, "south": {"uv": [0, 0, 3, 16], "texture": "#0", "cullface": "south"}, "west": {"uv": [14, 0, 16, 16], "texture": "#0", "cullface": "west"}, "up": {"uv": [13, 14, 16, 16], "texture": "#1", "cullface": "up"}}}, {"from": [0, 14, 2], "to": [3, 16, 14], "faces": {"east": {"uv": [14, 0, 2, 2], "texture": "#0"}, "west": {"uv": [2, 0, 14, 2], "texture": "#0", "cullface": "west"}, "up": {"uv": [13, 2, 16, 14], "texture": "#1", "cullface": "up"}, "down": {"uv": [7, 3, 10, 15], "texture": "#0"}}}, {"from": [0, 0, 2], "to": [3, 1, 14], "faces": {"east": {"uv": [14, 15, 2, 16], "texture": "#0"}, "west": {"uv": [2, 15, 14, 16], "texture": "#0", "cullface": "west"}, "up": {"uv": [7, 3, 10, 15], "texture": "#0"}}}, {"from": [0, 1, 7], "to": [3, 14, 9], "faces": {"north": {"uv": [7, 3, 10, 15], "texture": "#0"}, "east": {"uv": [9, 2, 7, 15], "texture": "#0"}, "south": {"uv": [7, 3, 10, 15], "texture": "#0"}, "west": {"uv": [7, 2, 9, 15], "texture": "#0", "cullface": "west"}}}, {"from": [-0.25, 0, 11], "to": [0, 1, 14], "faces": {"north": {"uv": [11, 15, 11.25, 16], "texture": "#0", "cullface": "west"}, "south": {"uv": [13, 15, 13.25, 16], "texture": "#0", "cullface": "west"}, "west": {"uv": [11, 15, 14, 16], "texture": "#0", "cullface": "west"}, "up": {"uv": [11, 15, 14, 15.25], "rotation": 90, "texture": "#0", "cullface": "west"}, "down": {"uv": [11, 15, 14, 15.25], "rotation": 270, "texture": "#0", "cullface": "west"}}}, {"from": [3, 0, 11], "to": [3.25, 1, 14], "faces": {"north": {"uv": [11.25, 15, 11, 16], "texture": "#0"}, "east": {"uv": [14, 15, 11, 16], "texture": "#0"}, "south": {"uv": [13.25, 15, 13, 16], "texture": "#0"}, "up": {"uv": [11, 15.25, 14, 15], "rotation": 90, "texture": "#0"}, "down": {"uv": [11, 15.25, 14, 15], "rotation": 270, "texture": "#0", "cullface": "down"}}}, {"from": [-0.25, 0, 0], "to": [0, 1, 1], "faces": {"north": {"uv": [0, 15, 1, 16], "texture": "#0", "cullface": "west"}, "south": {"uv": [0, 15, 1, 16], "texture": "#0", "cullface": "west"}, "west": {"uv": [0, 15, 1, 16], "texture": "#0", "cullface": "west"}, "up": {"uv": [0, 15, 1, 16], "texture": "#0", "cullface": "west"}, "down": {"uv": [0, 15, 1, 16], "texture": "#0", "cullface": "west"}}}, {"from": [-0.25, 10, 0], "to": [0, 12, 1], "rotation": {"angle": 0, "axis": "y", "origin": [8, 18, 8]}, "faces": {"north": {"uv": [0, 4, 1, 6], "texture": "#0", "cullface": "west"}, "south": {"uv": [0, 4, 1, 6], "texture": "#0", "cullface": "west"}, "west": {"uv": [0, 4, 1, 6], "texture": "#0", "cullface": "west"}, "up": {"uv": [0, 4, 1, 5], "texture": "#0", "cullface": "west"}, "down": {"uv": [0, 5, 1, 6], "texture": "#0", "cullface": "west"}}}, {"from": [0.02, 0, -0.25], "to": [1.02, 1, 0], "faces": {"north": {"uv": [1, 15, 0, 16], "texture": "#0", "cullface": "north"}, "east": {"uv": [1, 15, 0, 16], "texture": "#0", "cullface": "north"}, "west": {"uv": [1, 15, 0, 16], "texture": "#0", "cullface": "north"}, "up": {"uv": [0, 16, 1, 15], "rotation": 90, "texture": "#0", "cullface": "north"}, "down": {"uv": [0, 16, 1, 15], "rotation": 270, "texture": "#0"}}}, {"from": [0.02, 10, -0.25], "to": [1.02, 12, 0], "rotation": {"angle": 0, "axis": "y", "origin": [8, 18, 8]}, "faces": {"north": {"uv": [1, 4, 0, 6], "texture": "#0", "cullface": "north"}, "east": {"uv": [1, 4, 0, 6], "texture": "#0", "cullface": "north"}, "west": {"uv": [1, 4, 0, 6], "texture": "#0", "cullface": "north"}, "up": {"uv": [0, 5, 1, 4], "rotation": 90, "texture": "#0", "cullface": "north"}, "down": {"uv": [0, 6, 1, 5], "rotation": 270, "texture": "#0"}}}, {"from": [0.02, 0, 16], "to": [1.02, 1, 16.25], "faces": {"east": {"uv": [0, 15, 1, 16], "texture": "#0", "cullface": "south"}, "south": {"uv": [0, 15, 1, 16], "texture": "#0", "cullface": "south"}, "west": {"uv": [0, 15, 1, 16], "texture": "#0", "cullface": "south"}, "up": {"uv": [1, 16, 0, 15], "rotation": 90, "texture": "#0", "cullface": "south"}, "down": {"uv": [1, 16, 0, 15], "rotation": 270, "texture": "#0", "cullface": "south"}}}, {"from": [0.02, 10, 16], "to": [1.02, 12, 16.25], "rotation": {"angle": 0, "axis": "y", "origin": [8, 18, 8]}, "faces": {"east": {"uv": [0, 4, 1, 6], "texture": "#0", "cullface": "south"}, "south": {"uv": [0, 4, 1, 6], "texture": "#0", "cullface": "south"}, "west": {"uv": [0, 4, 1, 6], "texture": "#0", "cullface": "south"}, "up": {"uv": [1, 5, 0, 4], "rotation": 90, "texture": "#0", "cullface": "south"}, "down": {"uv": [1, 6, 0, 5], "rotation": 270, "texture": "#0", "cullface": "south"}}}, {"from": [3, 0, 0], "to": [3.25, 1, 1], "rotation": {"angle": 0, "axis": "y", "origin": [-5, 8, 8]}, "faces": {"north": {"uv": [1, 15, 0, 16], "texture": "#0", "cullface": "east"}, "east": {"uv": [1, 15, 0, 16], "texture": "#0", "cullface": "east"}, "south": {"uv": [1, 15, 0, 16], "texture": "#0", "cullface": "east"}, "up": {"uv": [1, 15, 0, 16], "texture": "#0", "cullface": "east"}, "down": {"uv": [1, 15, 0, 16], "texture": "#0", "cullface": "east"}}}, {"from": [3, 10, 0], "to": [3.25, 12, 1], "rotation": {"angle": 0, "axis": "y", "origin": [-5, 18, 8]}, "faces": {"north": {"uv": [1, 4, 0, 6], "texture": "#0", "cullface": "east"}, "east": {"uv": [1, 4, 0, 6], "texture": "#0", "cullface": "east"}, "south": {"uv": [1, 4, 0, 6], "texture": "#0", "cullface": "east"}, "up": {"uv": [1, 4, 0, 5], "texture": "#0", "cullface": "east"}, "down": {"uv": [1, 5, 0, 6], "texture": "#0", "cullface": "east"}}}], "display": {"thirdperson_righthand": {"rotation": [75, 315, 0], "translation": [0, 2.5, 0], "scale": [0.375, 0.375, 0.375]}, "firstperson_righthand": {"rotation": [0, 315, 0], "translation": [0, 2.5, 0], "scale": [0.4, 0.4, 0.4]}, "ground": {"translation": [0, 3, 0], "scale": [0.25, 0.25, 0.25]}, "gui": {"rotation": [30, 45, 0], "scale": [0.625, 0.625, 0.625]}, "head": {"rotation": [0, 180, 0]}, "fixed": {"rotation": [0, 180, 0]}}, "groups": [0, 1, 2, 3, 4, 5, 6, 7, 8, {"name": "door_hinges_top", "origin": [8, 8, 8], "color": 0, "children": [{"name": "west", "origin": [8, 8, 8], "color": 0, "children": [9, 10]}, {"name": "north", "origin": [8, 8, 8], "color": 0, "children": [11, 12]}, {"name": "south", "origin": [8, 8, 8], "color": 0, "children": [13, 14]}, {"name": "east", "origin": [8, 8, 8], "color": 0, "children": [15, 16]}]}]}