{"credit": "Made/edited by RyanGar46", "parent": "block/door_bottom", "ambientocclusion": false, "textures": {"particle": "block/crimson_door_bottom", "bottom": "block/crimson_door_bottom"}, "elements": [{"from": [0, 0, 0], "to": [3, 16, 16], "faces": {"north": {"uv": [3, 0, 0, 16], "texture": "#bottom", "cullface": "north"}, "east": {"uv": [16, 0, 0, 16], "texture": "#bottom"}, "south": {"uv": [0, 0, 3, 16], "texture": "#bottom", "cullface": "south"}, "west": {"uv": [16, 0, 0, 16], "texture": "#bottom", "cullface": "west"}, "down": {"uv": [13, 16, 16, 0], "texture": "#bottom", "cullface": "down"}}}, {"from": [-0.25, 6, 0], "to": [0, 11, 16], "faces": {"north": {"uv": [15, 5, 16, 10], "texture": "#bottom", "cullface": "west"}, "south": {"uv": [0, 5, 1, 10], "texture": "#bottom", "cullface": "west"}, "west": {"uv": [16, 5, 0, 10], "texture": "#bottom", "cullface": "west"}, "up": {"uv": [0, 5, 16, 6], "rotation": 270, "texture": "#bottom", "cullface": "west"}, "down": {"uv": [0, 9, 16, 10], "rotation": 90, "texture": "#bottom", "cullface": "west"}}}, {"from": [3, 6, 0], "to": [3.25, 11, 16], "faces": {"north": {"uv": [16, 5, 15, 10], "texture": "#bottom", "cullface": "north"}, "east": {"uv": [0, 5, 16, 10], "texture": "#bottom"}, "south": {"uv": [1, 5, 0, 10], "texture": "#bottom", "cullface": "south"}, "up": {"uv": [0, 6, 16, 5], "rotation": 270, "texture": "#bottom"}, "down": {"uv": [0, 10, 16, 9], "rotation": 90, "texture": "#bottom"}}}, {"from": [0.01, 6, 16], "to": [2.99, 11, 16.25], "faces": {"east": {"uv": [1, 5, 0, 10], "texture": "#bottom", "cullface": "south"}, "south": {"uv": [0, 5, 3, 10], "texture": "#bottom", "cullface": "south"}, "west": {"uv": [5, 5, 4, 10], "texture": "#bottom", "cullface": "south"}, "up": {"uv": [0, 6, 3, 5], "texture": "#bottom", "cullface": "south"}, "down": {"uv": [0, 10, 3, 9], "texture": "#bottom", "cullface": "south"}}}, {"from": [0.01, 6, -0.25], "to": [2.99, 11, 0], "faces": {"north": {"uv": [3, 5, 0, 10], "texture": "#bottom", "cullface": "north"}, "east": {"uv": [0, 5, 1, 10], "texture": "#bottom", "cullface": "north"}, "west": {"uv": [4, 5, 5, 10], "texture": "#bottom", "cullface": "north"}, "up": {"uv": [0, 5, 3, 6], "texture": "#bottom", "cullface": "north"}, "down": {"uv": [0, 9, 3, 10], "texture": "#bottom", "cullface": "north"}}}, {"from": [0.02, 4, -0.25], "to": [1.02, 6, 0], "faces": {"north": {"uv": [1, 10, 0, 12], "texture": "#bottom", "cullface": "north"}, "east": {"uv": [1, 10, 0, 12], "texture": "#bottom", "cullface": "north"}, "west": {"uv": [1, 10, 0, 12], "texture": "#bottom", "cullface": "north"}, "up": {"uv": [0, 11, 1, 10], "rotation": 90, "texture": "#bottom", "cullface": "north"}, "down": {"uv": [0, 12, 1, 11], "rotation": 270, "texture": "#bottom", "cullface": "north"}}}, {"from": [0.02, 15, -0.25], "to": [1.02, 16, 0], "faces": {"north": {"uv": [1, 0, 0, 1], "texture": "#bottom", "cullface": "north"}, "east": {"uv": [1, 0, 0, 1], "texture": "#bottom", "cullface": "north"}, "west": {"uv": [1, 0, 0, 1], "texture": "#bottom", "cullface": "north"}, "up": {"uv": [0, 1, 1, 0], "rotation": 90, "texture": "#bottom", "cullface": "north"}, "down": {"uv": [0, 1, 1, 0], "rotation": 270, "texture": "#bottom", "cullface": "north"}}}, {"from": [-0.25, 4, 15], "to": [0, 6, 16], "faces": {"north": {"uv": [1, 10, 0, 12], "texture": "#bottom", "cullface": "west"}, "south": {"uv": [1, 10, 0, 12], "texture": "#bottom", "cullface": "west"}, "west": {"uv": [1, 10, 0, 12], "texture": "#bottom", "cullface": "west"}, "down": {"uv": [0, 12, 1, 11], "texture": "#bottom", "cullface": "west"}}}, {"from": [-0.25, 15, 15], "to": [0, 16, 16], "faces": {"north": {"uv": [1, 0, 0, 1], "texture": "#bottom", "cullface": "west"}, "south": {"uv": [1, 0, 0, 1], "texture": "#bottom", "cullface": "west"}, "west": {"uv": [1, 0, 0, 1], "texture": "#bottom", "cullface": "west"}, "up": {"uv": [0, 1, 1, 0], "texture": "#bottom", "cullface": "west"}, "down": {"uv": [0, 1, 1, 0], "texture": "#bottom", "cullface": "west"}}}, {"from": [0.02, 4, 16], "to": [1.02, 6, 16.25], "faces": {"east": {"uv": [0, 10, 1, 12], "texture": "#bottom", "cullface": "south"}, "south": {"uv": [0, 10, 1, 12], "texture": "#bottom", "cullface": "south"}, "west": {"uv": [0, 10, 1, 12], "texture": "#bottom", "cullface": "south"}, "up": {"uv": [1, 11, 0, 10], "rotation": 90, "texture": "#bottom", "cullface": "south"}, "down": {"uv": [1, 12, 0, 11], "rotation": 270, "texture": "#bottom", "cullface": "south"}}}, {"from": [0.02, 15, 16], "to": [1.02, 16, 16.25], "faces": {"east": {"uv": [0, 0, 1, 1], "texture": "#bottom", "cullface": "south"}, "south": {"uv": [0, 0, 1, 1], "texture": "#bottom", "cullface": "south"}, "west": {"uv": [0, 0, 1, 1], "texture": "#bottom", "cullface": "south"}, "up": {"uv": [1, 1, 0, 0], "rotation": 90, "texture": "#bottom", "cullface": "south"}, "down": {"uv": [1, 1, 0, 0], "rotation": 270, "texture": "#bottom", "cullface": "south"}}}, {"from": [3, 4, 15], "to": [3.25, 6, 16], "rotation": {"angle": 0, "axis": "y", "origin": [-5, 8, 8]}, "faces": {"north": {"uv": [0, 10, 1, 12], "texture": "#bottom"}, "east": {"uv": [0, 10, 1, 12], "texture": "#bottom"}, "south": {"uv": [0, 10, 1, 12], "texture": "#bottom"}, "down": {"uv": [1, 12, 0, 11], "texture": "#bottom"}}}, {"from": [3, 15, 15], "to": [3.25, 16, 16], "rotation": {"angle": 0, "axis": "y", "origin": [-5, 8, 8]}, "faces": {"north": {"uv": [0, 0, 1, 1], "texture": "#bottom"}, "east": {"uv": [0, 0, 1, 1], "texture": "#bottom"}, "south": {"uv": [0, 0, 1, 1], "texture": "#bottom"}, "up": {"uv": [1, 1, 0, 0], "texture": "#bottom"}, "down": {"uv": [1, 1, 0, 0], "texture": "#bottom"}}}], "groups": [0, 1, 2, 3, 4, {"name": "door_hinges_bottom_hinge", "origin": [8, 8, 8], "color": 0, "children": [{"name": "north", "origin": [8, 8, 8], "color": 0, "children": [5, 6]}, {"name": "west", "origin": [8, 8, 8], "color": 0, "children": [7, 8]}, {"name": "south", "origin": [8, 8, 8], "color": 0, "children": [9, 10]}, {"name": "east", "origin": [8, 8, 8], "color": 0, "children": [11, 12]}]}]}