{
	"__comment":"Possible by KarBo_",
	"ambientocclusion":false,
	"textures":{
		"layer1":"block/acacia_door_top1",
		"layer2":"block/acacia_door_top2",
		"particle":"block/acacia_door_top"
	},
	"elements":[
		{
			"from":[0,0,0],
			"to":[3,16,3],
			"faces":{
				"north":{"uv":[0,0,3,16],"texture":"#layer1","cullface":"north"},
				"east":{"uv":[5,0,2,16],"texture":"#layer1"},
				"south":{"uv":[4,0,7,16],"texture":"#layer1"},
				"west":{"uv":[2,0,5,16],"texture":"#layer1","cullface":"west"},
				"up":{"uv":[0,0,3,3],"rotation":90,"texture":"#layer2","cullface":"up"}
			}
		},
		{
			"from":[0,0,13],
			"to":[3,16,16],
			"faces":{
				"north":{"uv":[9,0,12,16],"texture":"#layer1"},
				"east":{"uv":[14,0,11,16],"texture":"#layer1"},
				"south":{"uv":[13,0,16,16],"texture":"#layer1","cullface":"south"},
				"west":{"uv":[11,0,14,16],"texture":"#layer1","cullface":"west"},
				"up":{"uv":[13,0,16,3],"rotation":90,"texture":"#layer2","cullface":"up"}
			}
		},
		{
			"from":[0,13,3],
			"to":[3,16,13],
			"faces":{
				"east":{"uv":[13,2,3,5],"texture":"#layer2"},
				"west":{"uv":[3,2,13,5],"texture":"#layer2","cullface":"west"},
				"up":{"uv":[3,0,13,3],"rotation":90,"texture":"#layer2","cullface":"up"},
				"down":{"uv":[13,4,3,7],"rotation":90,"texture":"#layer2"}
			}
		},
		{
			"from":[3,0.01,12.01],
			"to":[3.99,0.99,14.99],
			"faces":{
				"north":{"uv":[12,15,13,16],"texture":"#particle"},
				"east":{"uv":[15,15,12,16],"texture":"#particle"},
				"south":{"uv":[15,15,14,16],"texture":"#particle"},
				"west":{"uv":[12,15,15,16],"texture":"#particle"},
				"up":{"uv":[12,15,15,16],"rotation":90,"texture":"#particle"},
				"down":{"uv":[15,15,12,16],"rotation":90,"texture":"#particle"}
			}
		},
		{
			"from":[-0.99,0.01,12.01],
			"to":[0,0.99,14.99],
			"faces":{
				"north":{"uv":[12,15,13,16],"texture":"#particle","cullface":"west"},
				"east":{"uv":[15,15,12,16],"texture":"#particle","cullface":"west"},
				"south":{"uv":[15,15,14,16],"texture":"#particle","cullface":"west"},
				"west":{"uv":[12,15,15,16],"texture":"#particle","cullface":"west"},
				"up":{"uv":[12,15,15,16],"rotation":90,"texture":"#particle","cullface":"west"},
				"down":{"uv":[15,15,12,16],"rotation":90,"texture":"#particle","cullface":"west"}
			}
		},
		{
			"from":[1,1,9],
			"to":[2,13,11],
			"faces":{
				"north":{"uv":[9,3,10,15],"texture":"#particle"},
				"east":{"uv":[11,3,9,15],"texture":"#particle"},
				"south":{"uv":[10,3,11,15],"texture":"#particle"},
				"west":{"uv":[9,3,11,15],"texture":"#particle"}
			}
		},
		{
			"from":[1,1,5],
			"to":[2,13,7],
			"faces":{
				"north":{"uv":[5,3,6,15],"texture":"#particle"},
				"east":{"uv":[7,3,5,15],"texture":"#particle"},
				"south":{"uv":[6,3,7,15],"texture":"#particle"},
				"west":{"uv":[5,3,7,15],"texture":"#particle"}
			}
		},
		{
			"from":[1,0,3],
			"to":[2,1,13],
			"faces":{
				"east":{"uv":[13,7,3,8],"texture":"#layer2"},
				"west":{"uv":[3,7,13,8],"texture":"#layer2"},
				"up":{"uv":[3,7,13,8],"rotation":90,"texture":"#layer2"}
			}
		}
	]
}