{
	"__comment":"Possible by KarBo_",
	"ambientocclusion":false,
	"textures":{
		"particle":"block/crimson_trapdoor",
		"layer0":"block/crimson_trapdoor",
		"layer1":"block/crimson_trapdoor1",
		"layer2":"block/crimson_trapdoor2"
	},
	"elements":[
		{
			"from":[3,9,13],
			"to":[13,12,16],
			"faces":{
				"north":{"uv":[13,4,3,7],"texture":"#layer0"},
				"south":{"uv":[3,4,13,7],"texture":"#layer0","cullface":"south"},
				"up":{"uv":[3,3,13,6],"texture":"#layer1"},
				"down":{"uv":[3,5,13,8],"texture":"#layer2"}
			}
		},
		{
			"from":[3,4,13],
			"to":[13,7,16],
			"faces":{
				"north":{"uv":[13,9,3,12],"texture":"#layer0"},
				"south":{"uv":[3,9,13,12],"texture":"#layer0","cullface":"south"},
				"up":{"uv":[3,8,13,11],"texture":"#layer2"},
				"down":{"uv":[3,10,13,13],"texture":"#layer1"}
			}
		},
		{
			"from":[0,13,13],
			"to":[16,16,16],
			"faces":{
				"north":{"uv":[16,0,0,3],"texture":"#layer0"},
				"east":{"uv":[13,0,16,3],"texture":"#layer2","cullface":"east"},
				"south":{"uv":[0,0,16,3],"texture":"#layer0","cullface":"south"},
				"west":{"uv":[0,0,3,3],"texture":"#layer2","cullface":"west"},
				"up":{"uv":[0,0,16,3],"texture":"#layer1","cullface":"up"},
				"down":{"uv":[0,0,16,3],"texture":"#layer2"}
			}
		},
		{
			"from":[0,0,13],
			"to":[16,3,16],
			"faces":{
				"north":{"uv":[16,13,0,16],"texture":"#layer0"},
				"east":{"uv":[13,13,16,16],"texture":"#layer2","cullface":"east"},
				"south":{"uv":[0,13,16,16],"texture":"#layer0","cullface":"south"},
				"west":{"uv":[0,13,3,16],"texture":"#layer2","cullface":"west"},
				"up":{"uv":[0,13,16,16],"texture":"#layer2"},
				"down":{"uv":[0,13,16,16],"texture":"#layer1","cullface":"down"}
			}
		},
		{
			"from":[13,3,13],
			"to":[16,13,16],
			"faces":{
				"north":{"uv":[16,3,13,13],"texture":"#layer0"},
				"east":{"uv":[13,3,16,13],"texture":"#layer2","cullface":"east"},
				"south":{"uv":[13,3,16,13],"texture":"#layer0","cullface":"south"},
				"west":{"uv":[13,3,16,13],"texture":"#layer1"}
			}
		},
		{
			"from":[0,3,13],
			"to":[3,13,16],
			"faces":{
				"north":{"uv":[3,3,0,13],"texture":"#layer0"},
				"east":{"uv":[0,3,3,13],"texture":"#layer1"},
				"south":{"uv":[0,3,3,13],"texture":"#layer0","cullface":"south"},
				"west":{"uv":[0,3,3,13],"texture":"#layer2","cullface":"west"}
			}
		}
	]
}