{"credit": "Made/edited by RyanGar46", "parent": "block/door_top", "ambientocclusion": false, "textures": {"bottom": "block/crimson_door_bottom", "particle": "block/crimson_door_top", "top": "block/crimson_door_top"}, "elements": [{"from": [0, 0, 0], "to": [3, 16, 16], "faces": {"north": {"uv": [3, 0, 0, 16], "texture": "#top", "cullface": "north"}, "east": {"uv": [16, 0, 0, 16], "texture": "#top"}, "south": {"uv": [0, 0, 3, 16], "texture": "#top", "cullface": "south"}, "west": {"uv": [0, 0, 16, 16], "texture": "#top", "cullface": "west"}, "up": {"uv": [13, 0, 16, 16], "texture": "#bottom", "cullface": "up"}}}, {"from": [3, 0, 11], "to": [3.25, 2, 14], "rotation": {"angle": 0, "axis": "y", "origin": [-5, 8, 8]}, "faces": {"north": {"uv": [12, 14, 11, 16], "texture": "#top"}, "east": {"uv": [14, 14, 11, 16], "texture": "#top"}, "south": {"uv": [14, 14, 13, 16], "texture": "#top"}, "up": {"uv": [11, 15, 14, 14], "rotation": 270, "texture": "#top"}, "down": {"uv": [11, 16, 14, 15], "rotation": 270, "texture": "#top"}}}, {"from": [-0.25, 0, 11], "to": [0, 2, 14], "faces": {"north": {"uv": [11, 14, 12, 16], "texture": "#top", "cullface": "west"}, "south": {"uv": [13, 14, 14, 16], "texture": "#top", "cullface": "west"}, "west": {"uv": [11, 14, 14, 16], "texture": "#top", "cullface": "west"}, "up": {"uv": [11, 14, 14, 15], "rotation": 270, "texture": "#top", "cullface": "west"}, "down": {"uv": [11, 15, 14, 16], "rotation": 270, "texture": "#top", "cullface": "west"}}}, {"from": [-0.25, 1, 14], "to": [0, 2, 15], "faces": {"south": {"uv": [14, 14, 15, 15], "texture": "#top", "cullface": "west"}, "west": {"uv": [14, 14, 15, 15], "texture": "#top", "cullface": "west"}, "up": {"uv": [14, 14, 15, 15], "texture": "#top", "cullface": "west"}, "down": {"uv": [14, 14, 15, 15], "texture": "#top", "cullface": "west"}}}, {"from": [3, 1, 14], "to": [3.25, 2, 15], "rotation": {"angle": 0, "axis": "y", "origin": [-5, 8, 8]}, "faces": {"east": {"uv": [15, 14, 14, 15], "texture": "#top"}, "south": {"uv": [15, 14, 14, 15], "texture": "#top"}, "up": {"uv": [15, 14, 14, 15], "texture": "#top"}, "down": {"uv": [15, 14, 14, 15], "texture": "#top"}}}, {"from": [3, 6, 0], "to": [3.25, 11, 16], "faces": {"north": {"uv": [0, 5, 1, 10], "texture": "#top", "cullface": "north"}, "east": {"uv": [16, 5, 0, 10], "texture": "#top"}, "south": {"uv": [15, 5, 16, 10], "texture": "#top", "cullface": "south"}, "up": {"uv": [0, 5, 16, 6], "rotation": 90, "texture": "#top"}, "down": {"uv": [0, 9, 16, 10], "rotation": 270, "texture": "#top"}}}, {"from": [-0.25, 6, 0], "to": [0, 11, 16], "faces": {"north": {"uv": [1, 5, 0, 10], "texture": "#top", "cullface": "west"}, "south": {"uv": [16, 5, 15, 10], "texture": "#top", "cullface": "west"}, "west": {"uv": [0, 5, 16, 10], "texture": "#top", "cullface": "west"}, "up": {"uv": [16, 5, 0, 6], "rotation": 270, "texture": "#top", "cullface": "west"}, "down": {"uv": [16, 9, 0, 10], "rotation": 90, "texture": "#top", "cullface": "west"}}}, {"from": [0.01, 6, -0.25], "to": [2.99, 11, 0], "faces": {"north": {"uv": [3, 5, 0, 10], "texture": "#top", "cullface": "north"}, "east": {"uv": [2, 5, 3, 10], "texture": "#top", "cullface": "north"}, "west": {"uv": [0, 5, 1, 10], "texture": "#top", "cullface": "north"}, "up": {"uv": [0, 5, 3, 6], "texture": "#top", "cullface": "north"}, "down": {"uv": [0, 9, 3, 10], "texture": "#top", "cullface": "north"}}}, {"from": [0.01, 6, 16], "to": [2.99, 11, 16.25], "faces": {"east": {"uv": [3, 5, 2, 10], "texture": "#top", "cullface": "south"}, "south": {"uv": [0, 5, 3, 10], "texture": "#top", "cullface": "south"}, "west": {"uv": [1, 5, 0, 10], "texture": "#top", "cullface": "south"}, "up": {"uv": [0, 6, 3, 5], "texture": "#top", "cullface": "south"}, "down": {"uv": [0, 10, 3, 9], "texture": "#top", "cullface": "south"}}}, {"from": [-0.25, 0, 0], "to": [0, 1, 1], "faces": {"north": {"uv": [0, 15, 1, 16], "texture": "#top", "cullface": "west"}, "south": {"uv": [0, 15, 1, 16], "texture": "#top", "cullface": "west"}, "west": {"uv": [0, 15, 1, 16], "texture": "#top", "cullface": "west"}, "up": {"uv": [0, 15, 1, 16], "texture": "#top", "cullface": "west"}, "down": {"uv": [0, 15, 1, 16], "texture": "#top", "cullface": "west"}}}, {"from": [-0.25, 11, 0], "to": [0, 12, 1], "rotation": {"angle": 0, "axis": "y", "origin": [8, 18, 8]}, "faces": {"north": {"uv": [0, 4, 1, 5], "texture": "#top", "cullface": "west"}, "south": {"uv": [0, 4, 1, 5], "texture": "#top", "cullface": "west"}, "west": {"uv": [0, 4, 1, 5], "texture": "#top", "cullface": "west"}, "up": {"uv": [0, 4, 1, 5], "texture": "#top", "cullface": "west"}}}, {"from": [0.02, 0, -0.25], "to": [1.02, 1, 0], "faces": {"north": {"uv": [1, 15, 0, 16], "texture": "#top", "cullface": "north"}, "east": {"uv": [1, 15, 0, 16], "texture": "#top", "cullface": "north"}, "west": {"uv": [1, 15, 0, 16], "texture": "#top", "cullface": "north"}, "up": {"uv": [0, 16, 1, 15], "rotation": 90, "texture": "#top", "cullface": "north"}, "down": {"uv": [0, 16, 1, 15], "rotation": 270, "texture": "#top"}}}, {"from": [0.02, 11, -0.25], "to": [1.02, 12, 0], "rotation": {"angle": 0, "axis": "y", "origin": [8, 18, 8]}, "faces": {"north": {"uv": [1, 4, 0, 5], "texture": "#top", "cullface": "north"}, "east": {"uv": [1, 4, 0, 5], "texture": "#top", "cullface": "north"}, "west": {"uv": [1, 4, 0, 5], "texture": "#top", "cullface": "north"}, "up": {"uv": [1, 4, 0, 5], "texture": "#top", "cullface": "north"}}}, {"from": [0.02, 0, 16], "to": [1.02, 1, 16.25], "faces": {"east": {"uv": [0, 15, 1, 16], "texture": "#top", "cullface": "south"}, "south": {"uv": [0, 15, 1, 16], "texture": "#top", "cullface": "south"}, "west": {"uv": [0, 15, 1, 16], "texture": "#top", "cullface": "south"}, "up": {"uv": [1, 16, 0, 15], "rotation": 90, "texture": "#top", "cullface": "south"}, "down": {"uv": [1, 16, 0, 15], "rotation": 270, "texture": "#top", "cullface": "south"}}}, {"from": [0.02, 11, 16], "to": [1.02, 12, 16.25], "rotation": {"angle": 0, "axis": "y", "origin": [8, 18, 8]}, "faces": {"east": {"uv": [0, 4, 1, 5], "texture": "#top", "cullface": "south"}, "south": {"uv": [0, 4, 1, 5], "texture": "#top", "cullface": "south"}, "west": {"uv": [0, 4, 1, 5], "texture": "#top", "cullface": "south"}, "up": {"uv": [0, 4, 1, 5], "texture": "#top", "cullface": "south"}}}, {"from": [3, 0, 0], "to": [3.25, 1, 1], "rotation": {"angle": 0, "axis": "y", "origin": [-5, 8, 8]}, "faces": {"north": {"uv": [1, 15, 0, 16], "texture": "#top", "cullface": "east"}, "east": {"uv": [1, 15, 0, 16], "texture": "#top", "cullface": "east"}, "south": {"uv": [1, 15, 0, 16], "texture": "#top", "cullface": "east"}, "up": {"uv": [1, 15, 0, 16], "texture": "#top", "cullface": "east"}, "down": {"uv": [1, 15, 0, 16], "texture": "#top", "cullface": "east"}}}, {"from": [3, 11, 0], "to": [3.25, 12, 1], "rotation": {"angle": 0, "axis": "y", "origin": [-5, 18, 8]}, "faces": {"north": {"uv": [1, 4, 0, 5], "texture": "#top", "cullface": "east"}, "east": {"uv": [1, 4, 0, 5], "texture": "#top", "cullface": "east"}, "south": {"uv": [1, 4, 0, 5], "texture": "#top", "cullface": "east"}, "up": {"uv": [1, 4, 0, 5], "texture": "#top", "cullface": "east"}}}], "display": {"thirdperson_righthand": {"rotation": [75, 315, 0], "translation": [0, 2.5, 0], "scale": [0.375, 0.375, 0.375]}, "firstperson_righthand": {"rotation": [0, 315, 0], "translation": [0, 2.5, 0], "scale": [0.4, 0.4, 0.4]}, "ground": {"translation": [0, 3, 0], "scale": [0.25, 0.25, 0.25]}, "gui": {"rotation": [30, 45, 0], "scale": [0.625, 0.625, 0.625]}, "head": {"rotation": [0, 180, 0]}, "fixed": {"rotation": [0, 180, 0]}}, "groups": [0, 1, 2, 3, 4, 5, 6, 7, 8, {"name": "door_hinges_top", "origin": [8, 8, 8], "color": 0, "children": [{"name": "west", "origin": [8, 8, 8], "color": 0, "children": [9, 10]}, {"name": "north", "origin": [8, 8, 8], "color": 0, "children": [11, 12]}, {"name": "south", "origin": [8, 8, 8], "color": 0, "children": [13, 14]}, {"name": "east", "origin": [8, 8, 8], "color": 0, "children": [15, 16]}]}]}